Nome;Cód;CPF / CNPJ;Agente;;Ação;Data;Hora;Histórico;Fone Discado;Credor;Atraso;Valor;Inclusão;CDEC;Fase
FUNDAX ENGENHARIA LTDA;1.519.222;65.785.432/0001-09;899;SUPORTE - XPRISMA;LCT;01/05/2026;06:05:13;ACAO VIA API - Neuroteks<BR>ENVIADO P/ NEUROTEKS<BR><BR> Transferencia de 938 para 928;32 98507-7875;C6BANK;0;0,00;07/04/2026;;01/05/2026
ORTO PRIME SERVICOS MEDICOS LTDA;1.524.934;65.554.176/0001-30;899;SUPORTE - XPRISMA;LCT;01/05/2026;06:08:50;ACAO VIA API - Neuroteks<BR>ENVIADO P/ NEUROTEKS<BR><BR> Transferencia de 938 para 928;83 99168-1212;C6BANK;0;0,00;07/04/2026;;01/05/2026
ALVES REPRESENTACOES SOCIEDADE LIMITADA;1.524.850;65.897.541/0001-00;899;SUPORTE - XPRISMA;LCT;01/05/2026;06:17:14;ACAO VIA API - Neuroteks<BR>ENVIADO P/ NEUROTEKS<BR><BR> Transferencia de 938 para 928;71 99643-4639;C6BANK;0;0,00;07/04/2026;;01/05/2026
ASSOCIACAO ABRECE;1.545.228;66.164.404/0001-29;899;SUPORTE - XPRISMA;LCT;01/05/2026;06:53:54;ACAO VIA API - Neuroteks<BR>ENVIADO P/ NEUROTEKS<BR><BR> Transferencia de 938 para 928;11 96139-0784;C6BANK;0;0,00;09/04/2026;;01/05/2026
BOM JAPA COMIDA ORIENTAL LTDA;1.554.101;66.225.973/0001-37;899;SUPORTE - XPRISMA;LCT;01/05/2026;07:00:24;ACAO VIA API - Neuroteks<BR>ENVIADO P/ NEUROTEKS<BR><BR> Transferencia de 938 para 928;15 98820-0198;C6BANK;0;0,00;13/04/2026;;01/05/2026
DF ASSESSORIA E CONSULTORIA LTDA;1.564.848;66.294.001/0001-02;899;SUPORTE - XPRISMA;LCT;01/05/2026;07:06:21;ACAO VIA API - Neuroteks<BR>ENVIADO P/ NEUROTEKS<BR><BR> Transferencia de 938 para 928;46 99933-9772;C6BANK;0;0,00;16/04/2026;;30/04/2026
FUNDO MUNICIPAL DOS DIREITOS DA PESSOA IDOSA;1.568.384;66.311.742/0001-46;899;SUPORTE - XPRISMA;LCT;01/05/2026;07:11:58;ACAO VIA API - Neuroteks<BR>ENVIADO P/ NEUROTEKS<BR><BR> Transferencia de 938 para 928;86 99467-0451;C6BANK;0;0,00;16/04/2026;;01/05/2026
RF AUTOMACAO E ELETRICA LTDA;1.596.316;66.532.365/0001-75;899;SUPORTE - XPRISMA;LCT;01/05/2026;07:17:46;ACAO VIA API - Neuroteks<BR>ENVIADO P/ NEUROTEKS<BR><BR> Transferencia de 938 para 928;19 99689-9907;C6BANK;0;0,00;30/04/2026;;24/04/2026
ASSOCIACAO DE FAMILIAS NEURODIVERGENTES DE BOQUIM-;1.589.670;66.494.903/0001-84;899;SUPORTE - XPRISMA;LCT;01/05/2026;07:28:57;ACAO VIA API - Neuroteks<BR>ENVIADO P/ NEUROTEKS<BR><BR> Transferencia de 938 para 928;79 99885-9579;C6BANK;0;0,00;28/04/2026;;01/05/2026
ANTONIO MARCOS PROMOTORA DE CREDITOS LTDA;1.592.141;66.509.116/0001-69;899;SUPORTE - XPRISMA;LCT;01/05/2026;07:29:56;ACAO VIA API - Neuroteks<BR>ENVIADO P/ NEUROTEKS<BR><BR> Transferencia de 938 para 928;79 99815-0743;C6BANK;0;0,00;29/04/2026;;29/04/2026
DISTRIBUIDORA DE GAS ALEX LTDA;1.594.390;66.520.275/0001-64;899;SUPORTE - XPRISMA;LCT;01/05/2026;07:31:42;ACAO VIA API - Neuroteks<BR>ENVIADO P/ NEUROTEKS<BR><BR> Transferencia de 938 para 928;33 98717-6362;C6BANK;0;0,00;29/04/2026;;01/05/2026
ELANART VIAGENS LTDA;1.594.070;66.518.795/0001-32;899;SUPORTE - XPRISMA;LCT;01/05/2026;07:32:28;ACAO VIA API - Neuroteks<BR>ENVIADO P/ NEUROTEKS<BR><BR> Transferencia de 938 para 928;17 99680-5931;C6BANK;0;0,00;29/04/2026;;01/05/2026
MINASPHARMA DROGARIA & PERFUMARIA LTDA;1.514.288;65.809.047/0001-46;899;SUPORTE - XPRISMA;LCT;01/05/2026;07:47:15;ACAO VIA API - Neuroteks<BR>ENVIADO P/ NEUROTEKS<BR><BR> Transferencia de 938 para 928;11 97833-1926;C6BANK;0;0,00;07/04/2026;;01/05/2026
VG ADM SERVICOS DE CONSULTORIA LTDA;1.528.106;65.937.562/0001-01;899;SUPORTE - XPRISMA;LCT;01/05/2026;08:06:47;ACAO VIA API - Neuroteks<BR>ENVIADO P/ NEUROTEKS<BR><BR> Transferencia de 938 para 928;11 94762-5054;C6BANK;0;0,00;07/04/2026;;01/05/2026
LUMINA ENERGIA LTDA;1.525.700;65.757.666/0001-34;899;SUPORTE - XPRISMA;LCT;01/05/2026;08:10:32;ACAO VIA API - Neuroteks<BR>ENVIADO P/ NEUROTEKS<BR><BR> Transferencia de 938 para 928;11 92077-9802;C6BANK;0;0,00;07/04/2026;;01/05/2026
DHORATHAN PLANEJADOS & MARCENARIA LTDA;1.534.018;65.881.585/0001-41;899;SUPORTE - XPRISMA;LCT;01/05/2026;08:38:05;ACAO VIA API - Neuroteks<BR>ENVIADO P/ NEUROTEKS<BR><BR> Transferencia de 938 para 928;11 95755-7619;C6BANK;0;0,00;07/04/2026;;01/05/2026
VIEIRA LTDA;1.545.766;66.168.210/0001-00;899;SUPORTE - XPRISMA;LCT;01/05/2026;08:57:08;ACAO VIA API - Neuroteks<BR>ENVIADO P/ NEUROTEKS<BR><BR> Transferencia de 938 para 928;47 99142-1970;C6BANK;0;0,00;09/04/2026;;01/05/2026
ASSOCIACAO ESPORTIVA VOLEI RIO;1.519.958;65.937.797/0001-01;899;SUPORTE - XPRISMA;LCT;01/05/2026;09:00:37;ACAO VIA API - Neuroteks<BR>ENVIADO P/ NEUROTEKS<BR><BR> Transferencia de 938 para 928;34 99293-1197;C6BANK;0;0,00;07/04/2026;;01/05/2026
MAKTURASTORE LTDA;1.596.882;66.534.692/0001-66;899;SUPORTE - XPRISMA;LCT;01/05/2026;09:28:01;ACAO VIA API - Neuroteks<BR> Transferencia de 938 para 928;11 96598-1923;C6BANK;0;0,00;30/04/2026;;28/04/2026
CJ CONSTRUTORA MILLENIUM LTDA;1.597.324;66.536.438/0001-05;899;SUPORTE - XPRISMA;LCT;01/05/2026;09:30:21;ACAO VIA API - Neuroteks<BR> Transferencia de 938 para 928;91 98120-4990;C6BANK;0;0,00;30/04/2026;;28/04/2026
WC RECICLAGEM LTDA;1.596.281;66.532.121/0001-92;899;SUPORTE - XPRISMA;LCT;01/05/2026;09:32:46;ACAO VIA API - Neuroteks<BR> Transferencia de 938 para 928;27 99814-6096;C6BANK;0;0,00;30/04/2026;;25/04/2026
DENIS GUSTAVO BASTO TIBURCIO LOPES;1.581.322;66.433.060/0001-06;899;SUPORTE - XPRISMA;LCT;01/05/2026;09:34:17;ACAO VIA API - Neuroteks<BR> Transferencia de 938 para 928;14 99847-6780;C6BANK;0;0,00;24/04/2026;;24/04/2026
MARMORARIA PEDRA SUL DE MINAS LTDA;1.581.307;66.433.374/0001-09;899;SUPORTE - XPRISMA;LCT;01/05/2026;09:34:29;ACAO VIA API - Neuroteks<BR> Transferencia de 938 para 928;35 98706-9974;C6BANK;0;0,00;24/04/2026;;24/04/2026
BORA APP LTDA;1.588.105;66.488.840/0001-53;899;SUPORTE - XPRISMA;LCT;01/05/2026;09:42:44;ACAO VIA API - Neuroteks<BR> Transferencia de 938 para 928;31 99988-2326;C6BANK;0;0,00;28/04/2026;;27/04/2026
HOTEL PLANALTO SERRANO E TRANSPORTES LTDA;1.590.066;66.497.303/0001-70;899;SUPORTE - XPRISMA;LCT;01/05/2026;09:44:02;ACAO VIA API - Neuroteks<BR> Transferencia de 938 para 928;49 98838-4483;C6BANK;0;0,00;28/04/2026;;04/05/2026
FILIPE MIGUEL NEVES MARTINS FERREIRA LTDA;1.594.647;66.521.643/0001-99;899;SUPORTE - XPRISMA;LCT;01/05/2026;09:45:41;ACAO VIA API - Neuroteks<BR> Transferencia de 938 para 928;11 99722-1495;C6BANK;0;0,00;29/04/2026;;29/04/2026
G ENGENHARIA LTDA;1.509.552;66.122.312/0001-86;899;SUPORTE - XPRISMA;LCT;01/05/2026;09:54:44;ACAO VIA API - Neuroteks<BR> Transferencia de 938 para 928;66 99659-2459;C6BANK;0;0,00;07/04/2026;;07/04/2026
HENRIQUE & LAGO LTDA;1.514.046;65.744.068/0001-20;899;SUPORTE - XPRISMA;LCT;01/05/2026;10:03:48;ACAO VIA API - Neuroteks<BR> Transferencia de 938 para 928;44 99116-8711;C6BANK;0;0,00;07/04/2026;;04/05/2026
BASILATO CONTROLE DE PRAGAS LTDA;1.517.592;65.554.037/0001-07;899;SUPORTE - XPRISMA;LCT;01/05/2026;10:05:52;ACAO VIA API - Neuroteks<BR> Transferencia de 938 para 928;33 99902-6706;C6BANK;0;0,00;07/04/2026;;09/03/2026
SHOPRI COMERCIAL LTDA;1.528.518;66.006.721/0001-17;899;SUPORTE - XPRISMA;LCT;01/05/2026;10:45:23;ACAO VIA API - Neuroteks<BR> Transferencia de 938 para 928;11 95247-8645;C6BANK;0;0,00;07/04/2026;;30/03/2026
CUPIM CASQUEIRADO COMERCIO DE ALIMENTOS LTDA;1.529.690;65.581.889/0001-93;899;SUPORTE - XPRISMA;LCT;01/05/2026;10:46:30;ACAO VIA API - Neuroteks<BR> Transferencia de 938 para 928;11 95860-0414;C6BANK;0;0,00;07/04/2026;;06/03/2026
RENILDA ASSUNCAO PSICOLOGIA E DESENVOLVIMENTO HUMA;1.599.895;66.548.987/0001-91;899;SUPORTE - XPRISMA;LCT;02/05/2026;10:49:31;ACAO VIA API - Neuroteks<BR>ENVIADO P/ NEUROTEKS<BR><BR> Transferencia de 938 para 928;71 98787-0659;C6BANK;0;0,00;30/04/2026;;02/05/2026
COMERCIAL BMS LTDA;1.599.360;66.546.732/0001-90;899;SUPORTE - XPRISMA;LCT;02/05/2026;11:02:17;ACAO VIA API - Neuroteks<BR>ENVIADO P/ NEUROTEKS<BR><BR> Transferencia de 938 para 928;43 99147-1573;C6BANK;0;0,00;30/04/2026;;30/04/2026
FRUTUOSO GESTAO IMOBILIARIA LTDA;1.600.593;66.560.745/0001-13;899;SUPORTE - XPRISMA;LCT;02/05/2026;11:06:02;ACAO VIA API - Neuroteks<BR>ENVIADO P/ NEUROTEKS<BR><BR> Transferencia de 938 para 928;65 99287-6758;C6BANK;0;0,00;02/05/2026;;02/05/2026
JOSE MILTON DO NASCIMENTO CARVALHO LTDA;1.599.926;66.549.173/0001-71;899;SUPORTE - XPRISMA;LCT;02/05/2026;11:17:14;ACAO VIA API - Neuroteks<BR>ENVIADO P/ NEUROTEKS<BR><BR> Transferencia de 938 para 928;77 99993-0105;C6BANK;0;0,00;30/04/2026;;04/05/2026
COMERCIAL TIAGO PRADO AGROPECUARIA LTDA;1.596.817;66.534.380/0001-52;899;SUPORTE - XPRISMA;LCT;02/05/2026;11:22:14;ACAO VIA API - Neuroteks<BR>ENVIADO P/ NEUROTEKS<BR><BR> Transferencia de 938 para 928;88 99491-1215;C6BANK;0;0,00;30/04/2026;;02/05/2026
SANTA CRUZ INTERMEDIACAO DE NEGOCIOS LTDA;1.585.812;66.467.363/0001-40;899;SUPORTE - XPRISMA;LCT;02/05/2026;11:24:21;ACAO VIA API - Neuroteks<BR>ENVIADO P/ NEUROTEKS<BR><BR> Transferencia de 938 para 928;12 99226-7973;C6BANK;0;0,00;27/04/2026;;02/05/2026
VJ CONSTRUCOES LTDA;1.600.205;66.552.711/0001-87;899;SUPORTE - XPRISMA;LCT;02/05/2026;11:27:20;ACAO VIA API - Neuroteks<BR>ENVIADO P/ NEUROTEKS<BR><BR> Transferencia de 938 para 928;71 98651-9740;C6BANK;0;0,00;01/05/2026;;02/05/2026
FINA PURPURA MULTIMARCAS LTDA;1.592.321;66.509.966/0001-67;899;SUPORTE - XPRISMA;LCT;02/05/2026;11:29:32;ACAO VIA API - Neuroteks<BR>ENVIADO P/ NEUROTEKS<BR><BR> Transferencia de 938 para 928;61 99279-7547;C6BANK;0;0,00;29/04/2026;;02/05/2026
ROSI LIDIANE RODRIGUES DA SILVA LTDA;1.599.003;66.544.566/0001-92;899;SUPORTE - XPRISMA;LCT;02/05/2026;11:30:37;ACAO VIA API - Neuroteks<BR>ENVIADO P/ NEUROTEKS<BR><BR> Transferencia de 938 para 928;74 99994-4893;C6BANK;0;0,00;30/04/2026;;02/05/2026
GO PRE EVENTO LTDA;1.498.821;66.040.931/0001-21;899;SUPORTE - XPRISMA;LCT;02/05/2026;11:37:07;ACAO VIA API - Neuroteks<BR>ENVIADO P/ NEUROTEKS<BR><BR> Transferencia de 938 para 928;81 98639-1043;C6BANK;0;0,00;01/04/2026;;02/05/2026
R AUTO BROKERS INOVA SIMPLES (I.S.);1.600.507;66.558.689/0001-82;899;SUPORTE - XPRISMA;LCT;02/05/2026;11:37:32;ACAO VIA API - Neuroteks<BR>ENVIADO P/ NEUROTEKS<BR><BR> Transferencia de 938 para 928;15 98816-0705;C6BANK;0;0,00;01/05/2026;;02/05/2026
ASSOCIACAO BENEFICENTE E CARITATIVA AMIGOS DAS CRI;1.447.019;65.645.382/0001-56;899;SUPORTE - XPRISMA;LCT;02/05/2026;11:44:31;ACAO VIA API - Neuroteks<BR>ENVIADO P/ NEUROTEKS<BR><BR> Transferencia de 938 para 928;49 98867-6125;C6BANK;0;0,00;12/03/2026;;02/05/2026
MA - MARCOS ANTONIO PERSONAL TRAINER COMERCIO E RE;1.543.521;66.152.160/0001-64;899;SUPORTE - XPRISMA;LCT;02/05/2026;11:52:12;ACAO VIA API - Neuroteks<BR>ENVIADO P/ NEUROTEKS<BR><BR> Transferencia de 938 para 928;64 99610-1609;C6BANK;0;0,00;08/04/2026;;02/05/2026
MOHAMMAD AMER SIDDIQUE LTDA;1.505.196;66.092.841/0001-84;899;SUPORTE - XPRISMA;LCT;02/05/2026;12:01:39;ACAO VIA API - Neuroteks<BR>ENVIADO P/ NEUROTEKS<BR><BR> Transferencia de 938 para 928;53 99999-1232;C6BANK;0;0,00;06/04/2026;;02/05/2026
TOBIAS CONFECCOES LTDA;1.547.923;66.182.321/0001-62;899;SUPORTE - XPRISMA;LCT;02/05/2026;12:02:26;ACAO VIA API - Neuroteks<BR>ENVIADO P/ NEUROTEKS<BR><BR> Transferencia de 938 para 928;79 99973-0449;C6BANK;0;0,00;10/04/2026;;02/05/2026
66.548.657 INOVA SIMPLES (I.S.);1.599.821;66.548.657/0001-04;899;SUPORTE - XPRISMA;LCT;02/05/2026;12:04:38;ACAO VIA API - Neuroteks<BR>ENVIADO P/ NEUROTEKS<BR><BR> Transferencia de 938 para 928;12 99741-5226;C6BANK;0;0,00;30/04/2026;;02/05/2026
J G O CORRETORA DE SEGUROS & SOLUCOES FINANCEIRAS;1.517.668;65.580.190/0001-09;899;SUPORTE - XPRISMA;LCT;02/05/2026;12:09:25;ACAO VIA API - Neuroteks<BR>ENVIADO P/ NEUROTEKS<BR><BR> Transferencia de 938 para 928;34 99153-5583;C6BANK;0;0,00;07/04/2026;;02/05/2026
ASSOCIACAO DE RECICLAGEM DE IRAI DE MINAS - IRAI R;1.519.697;66.021.493/0001-54;899;SUPORTE - XPRISMA;LCT;02/05/2026;12:10:58;ACAO VIA API - Neuroteks<BR>ENVIADO P/ NEUROTEKS<BR><BR> Transferencia de 938 para 928;34 99277-3931;C6BANK;0;0,00;07/04/2026;;02/05/2026
HX PRO TURBO AUTOMOTIVO LTDA;1.527.251;65.667.601/0001-06;899;SUPORTE - XPRISMA;LCT;02/05/2026;12:16:56;ACAO VIA API - Neuroteks<BR>ENVIADO P/ NEUROTEKS<BR><BR> Transferencia de 938 para 928;11 94751-9939;C6BANK;0;0,00;07/04/2026;;13/03/2026
T. C. ANDRADE CONSULTORIA DE TI LTDA;1.527.821;65.915.232/0001-15;899;SUPORTE - XPRISMA;LCT;02/05/2026;12:17:31;ACAO VIA API - Neuroteks<BR>ENVIADO P/ NEUROTEKS<BR><BR> Transferencia de 938 para 928;34 3238-1993;C6BANK;0;0,00;07/04/2026;;02/05/2026
POLLY TRANSPORTES LTDA;1.444.339;65.628.779/0001-30;899;SUPORTE - XPRISMA;LCT;04/05/2026;09:19:16;ACAO VIA API - Neuroteks<BR>ENVIADO P/ NEUROTEKS<BR><BR> Transferencia de 938 para 928;49 99143-0218;C6BANK;0;0,00;11/03/2026;;04/05/2026
SOCIEDADE COMERCIAL FREITAS E SANTOS LTDA;1.445.807;65.638.863/0001-34;899;SUPORTE - XPRISMA;LCT;04/05/2026;09:19:23;ACAO VIA API - Neuroteks<BR>ENVIADO P/ NEUROTEKS<BR><BR> Transferencia de 938 para 928;38 99892-1190;C6BANK;0;0,00;12/03/2026;;04/05/2026
E. MELO LOCACOES LTDA;1.450.103;65.663.485/0001-49;899;SUPORTE - XPRISMA;LCT;04/05/2026;09:20:06;ACAO VIA API - Neuroteks<BR>ENVIADO P/ NEUROTEKS<BR><BR> Transferencia de 938 para 928;81 99632-5830;C6BANK;0;0,00;13/03/2026;;04/05/2026
FRANCELISE CRISTINA CORRETORA DE IMOVEIS LTDA;1.459.004;65.721.678/0001-09;899;SUPORTE - XPRISMA;LCT;04/05/2026;09:21:04;ACAO VIA API - Neuroteks<BR>ENVIADO P/ NEUROTEKS<BR><BR> Transferencia de 938 para 928;49 99917-6985;C6BANK;0;0,00;17/03/2026;;04/05/2026
FG MARCENARIA E MARMORARIA LTDA;1.477.659;65.877.661/0001-45;899;SUPORTE - XPRISMA;LCT;04/05/2026;09:23:09;ACAO VIA API - Neuroteks<BR>ENVIADO P/ NEUROTEKS<BR><BR> Transferencia de 938 para 928;41 99193-3833;C6BANK;0;0,00;24/03/2026;;04/05/2026
INTEGRALLIS INSTITUTO LTDA;1.497.217;66.032.167/0001-42;899;SUPORTE - XPRISMA;LCT;04/05/2026;09:25:51;ACAO VIA API - Neuroteks<BR>ENVIADO P/ NEUROTEKS<BR><BR> Transferencia de 938 para 928;34 99831-0422;C6BANK;0;0,00;01/04/2026;;04/05/2026
LIBERATOS DISTRIBUIDORA DE AUTOPECAS E FERRAMENTAS;1.510.815;65.572.498/0001-02;899;SUPORTE - XPRISMA;LCT;04/05/2026;09:27:09;ACAO VIA API - Neuroteks<BR>ENVIADO P/ NEUROTEKS<BR><BR> Transferencia de 938 para 928;19 99945-1301;C6BANK;0;0,00;07/04/2026;;04/05/2026
HONORATTA RESTAURANTE LTDA;1.522.453;65.818.974/0001-22;899;SUPORTE - XPRISMA;LCT;04/05/2026;09:33:23;ACAO VIA API - Neuroteks<BR>ENVIADO P/ NEUROTEKS<BR><BR> Transferencia de 938 para 928;19 99637-0150;C6BANK;0;0,00;07/04/2026;;04/05/2026
JGV BUFFET E EVENTOS LTDA;1.522.285;65.806.990/0001-03;899;SUPORTE - XPRISMA;LCT;04/05/2026;09:33:26;ACAO VIA API - Neuroteks<BR>ENVIADO P/ NEUROTEKS<BR><BR> Transferencia de 938 para 928;11 98515-5596;C6BANK;0;0,00;07/04/2026;;04/05/2026
BARBEARIA MEU BARBEIRO LTDA;1.553.884;66.224.640/0001-93;899;SUPORTE - XPRISMA;LCT;04/05/2026;09:42:25;ACAO VIA API - Neuroteks<BR>ENVIADO P/ NEUROTEKS<BR><BR> Transferencia de 938 para 928;49 99124-1319;C6BANK;0;0,00;13/04/2026;;04/05/2026
IGREJA EVANGELICA COMUNIDADE DA GRACA CHURCH;1.600.802;66.570.717/0001-87;899;SUPORTE - XPRISMA;LCT;04/05/2026;09:43:16;ACAO VIA API - Neuroteks<BR>ENVIADO P/ NEUROTEKS<BR><BR> Transferencia de 938 para 928;64 98425-7591;C6BANK;0;0,00;04/05/2026;;04/05/2026
STELLANPAG INTERMEDIACOES LTDA;1.583.161;66.441.937/0001-00;899;SUPORTE - XPRISMA;LCT;04/05/2026;09:46:25;ACAO VIA API - Neuroteks<BR>ENVIADO P/ NEUROTEKS<BR><BR> Transferencia de 938 para 928;45 99995-4383;C6BANK;0;0,00;24/04/2026;;04/05/2026
ASSOCIACAO MISSAO EM RESGATE;1.595.529;66.525.497/0001-70;899;SUPORTE - XPRISMA;LCT;04/05/2026;09:48:56;ACAO VIA API - Neuroteks<BR>ENVIADO P/ NEUROTEKS<BR><BR> Transferencia de 938 para 928;86 99484-2003;C6BANK;0;0,00;29/04/2026;;04/05/2026
ASSOCIACAO DESPORTIVA PUMAS FUTEBOL CLUBE (ADPFC);1.592.757;66.511.994/0001-19;899;SUPORTE - XPRISMA;LCT;04/05/2026;09:49:11;ACAO VIA API - Neuroteks<BR>ENVIADO P/ NEUROTEKS<BR><BR> Transferencia de 938 para 928;96 98411-0449;C6BANK;0;0,00;29/04/2026;;04/05/2026
BESSA & HOLANDA LTDA;1.601.312;66.574.319/0001-39;899;SUPORTE - XPRISMA;LCT;04/05/2026;09:51:22;ACAO VIA API - Neuroteks<BR>ENVIADO P/ NEUROTEKS<BR><BR> Transferencia de 938 para 928;68 99979-5750;C6BANK;0;0,00;04/05/2026;;04/05/2026
JCS SERVICOS DE ENGENHARIA LTDA;1.507.547;66.109.779/0001-96;899;SUPORTE - XPRISMA;LCT;04/05/2026;09:58:38;ACAO VIA API - Neuroteks<BR>ENVIADO P/ NEUROTEKS<BR><BR> Transferencia de 938 para 928;19 99633-4588;C6BANK;0;0,00;07/04/2026;;04/05/2026
MICHAEL JACKSON TEIXEIRA SILVA LTDA;1.601.268;66.573.990/0001-65;899;SUPORTE - XPRISMA;LCT;04/05/2026;09:59:33;ACAO VIA API - Neuroteks<BR>ENVIADO P/ NEUROTEKS<BR><BR> Transferencia de 938 para 928;77 99875-2709;C6BANK;0;0,00;04/05/2026;;04/05/2026
ELIETE MOREIRA DE ALMEIDA BARROS E OUTRO;1.505.429;66.094.265/0001-04;899;SUPORTE - XPRISMA;LCT;04/05/2026;09:59:37;ACAO VIA API - Neuroteks<BR>ENVIADO P/ NEUROTEKS<BR><BR> Transferencia de 938 para 928;19 99827-2235;C6BANK;0;0,00;06/04/2026;;04/05/2026
HENRIQUE & LAGO LTDA;1.514.046;65.744.068/0001-20;899;SUPORTE - XPRISMA;LCT;04/05/2026;10:00:27;ACAO VIA API - Neuroteks<BR>ENVIADO P/ NEUROTEKS<BR><BR> Transferencia de 938 para 928;44 99116-8711;C6BANK;0;0,00;07/04/2026;;04/05/2026
ASSOCIACAO CONFRARIA CONVIVA;1.551.437;66.199.577/0001-82;899;SUPORTE - XPRISMA;LCT;04/05/2026;10:12:37;ACAO VIA API - Neuroteks<BR>ENVIADO P/ NEUROTEKS<BR><BR> Transferencia de 938 para 928;16 98155-9696;C6BANK;0;0,00;10/04/2026;;04/05/2026
66.575.388 INOVA SIMPLES (I.S.);1.601.494;66.575.388/0001-67;899;SUPORTE - XPRISMA;LCT;04/05/2026;10:13:10;ACAO VIA API - Neuroteks<BR>ENVIADO P/ NEUROTEKS<BR><BR> Transferencia de 938 para 928;51 99885-1894;C6BANK;0;0,00;04/05/2026;;04/05/2026
INES L DE M CARVALHO TRANSPORTES LTDA;1.597.261;66.536.136/0001-29;899;SUPORTE - XPRISMA;LCT;04/05/2026;10:14:49;ACAO VIA API - Neuroteks<BR>ENVIADO P/ NEUROTEKS<BR><BR> Transferencia de 938 para 928;89 99401-8801;C6BANK;0;0,00;30/04/2026;;04/05/2026
FABIO ROZA SERVICOS LTDA;1.596.427;66.532.787/0001-40;899;SUPORTE - XPRISMA;LCT;04/05/2026;10:19:18;ACAO VIA API - Neuroteks<BR>ENVIADO P/ NEUROTEKS<BR><BR> Transferencia de 938 para 928;43 99118-1176;C6BANK;0;0,00;30/04/2026;;29/04/2026
ATLAS MMA LTDA;1.586.257;66.469.605/0001-34;899;SUPORTE - XPRISMA;LCT;04/05/2026;10:19:51;ACAO VIA API - Neuroteks<BR>ENVIADO P/ NEUROTEKS<BR><BR> Transferencia de 938 para 928;63 99242-5214;C6BANK;0;0,00;27/04/2026;;04/05/2026
ASSOCIACAO DOS PRODUTORES RURAIS DA VILA MANOEL GO;1.601.342;66.574.573/0001-37;899;SUPORTE - XPRISMA;LCT;04/05/2026;10:20:30;ACAO VIA API - Neuroteks<BR>ENVIADO P/ NEUROTEKS<BR><BR> Transferencia de 938 para 928;73 99980-8592;C6BANK;0;0,00;04/05/2026;;04/05/2026
ALLAN DE OLIVEIRA QUINTINO DOS SANTOS;1.595.058;66.523.691/0001-16;899;SUPORTE - XPRISMA;LCT;04/05/2026;10:23:02;ACAO VIA API - Neuroteks<BR>ENVIADO P/ NEUROTEKS<BR><BR> Transferencia de 938 para 928;12 99608-7591;C6BANK;0;0,00;29/04/2026;;04/05/2026
LOTE UM ARQUITETURA LTDA;1.419.173;65.463.546/0001-24;899;SUPORTE - XPRISMA;LCT;04/05/2026;10:24:12;ACAO VIA API - Neuroteks<BR>ENVIADO P/ NEUROTEKS<BR><BR> Transferencia de 938 para 928;19 99499-3321;C6BANK;0;0,00;04/03/2026;;04/05/2026
JUNTOAQUI TECNOLOGIA INOVA SIMPLES (I.S.);1.600.691;66.563.642/0001-07;899;SUPORTE - XPRISMA;LCT;04/05/2026;10:24:59;ACAO VIA API - Neuroteks<BR>ENVIADO P/ NEUROTEKS<BR><BR> Transferencia de 938 para 928;62 99452-5788;C6BANK;0;0,00;02/05/2026;;02/05/2026
MELIK IMOBILIARIA E PARTICIPACOES LTDA;1.468.852;65.781.291/0001-48;899;SUPORTE - XPRISMA;LCT;04/05/2026;10:31:37;ACAO VIA API - Neuroteks<BR>ENVIADO P/ NEUROTEKS<BR><BR> Transferencia de 938 para 928;11 98971-3039;C6BANK;0;0,00;19/03/2026;;04/05/2026
L. SCHNEIDER SEBALD E CIA LTDA;1.498.729;66.040.339/0001-20;899;SUPORTE - XPRISMA;LCT;04/05/2026;10:36:50;ACAO VIA API - Neuroteks<BR>ENVIADO P/ NEUROTEKS<BR><BR> Transferencia de 938 para 928;66 98462-4415;C6BANK;0;0,00;01/04/2026;;04/05/2026
JMRH CONSULTORIA LTDA;1.508.506;66.116.016/0001-72;899;SUPORTE - XPRISMA;LCT;04/05/2026;10:38:42;ACAO VIA API - Neuroteks<BR>ENVIADO P/ NEUROTEKS<BR><BR> Transferencia de 938 para 928;31 99781-1500;C6BANK;0;0,00;07/04/2026;;04/05/2026
CARNEIRO SERVICOS DE MANUTENCAO LTDA;1.512.165;65.924.553/0001-86;899;SUPORTE - XPRISMA;LCT;04/05/2026;10:40:08;ACAO VIA API - Neuroteks<BR>ENVIADO P/ NEUROTEKS<BR><BR> Transferencia de 938 para 928;85 99286-6225;C6BANK;0;0,00;07/04/2026;;04/05/2026
RADIADORES MG LTDA;1.597.978;66.539.749/0001-10;899;SUPORTE - XPRISMA;LCT;04/05/2026;10:41:22;ACAO VIA API - Neuroteks<BR>ENVIADO P/ NEUROTEKS<BR><BR> Transferencia de 938 para 928;62 98402-7476;C6BANK;0;0,00;30/04/2026;;04/05/2026
CT CROSS POINT LTDA;1.531.655;65.854.431/0001-60;899;SUPORTE - XPRISMA;LCT;04/05/2026;10:49:42;ACAO VIA API - Neuroteks<BR>ENVIADO P/ NEUROTEKS<BR><BR> Transferencia de 938 para 928;18 99763-9961;C6BANK;0;0,00;07/04/2026;;04/05/2026
LUCIANO MENEZES SPERB - SOCIEDADE INDIVIDUAL DE AD;1.535.975;65.835.809/0001-89;899;SUPORTE - XPRISMA;LCT;04/05/2026;10:52:43;ACAO VIA API - Neuroteks<BR>ENVIADO P/ NEUROTEKS<BR><BR> Transferencia de 938 para 928;51 99995-1144;C6BANK;0;0,00;07/04/2026;;04/05/2026
SCOPER MECANICA AUTOMOTIVA LTDA;1.588.633;66.490.915/0001-30;899;SUPORTE - XPRISMA;LCT;04/05/2026;10:52:46;ACAO VIA API - Neuroteks<BR>ENVIADO P/ NEUROTEKS<BR><BR> Transferencia de 938 para 928;85 99652-6530;C6BANK;0;0,00;28/04/2026;;04/05/2026
COSTA SOUZA SOCIEDADE INDIVIDUAL DE ADVOCACIA;1.600.282;66.553.705/0001-44;899;SUPORTE - XPRISMA;LCT;04/05/2026;11:08:49;ACAO VIA API - Neuroteks<BR>ENVIADO P/ NEUROTEKS<BR><BR> Transferencia de 938 para 928;31 98503-7330;C6BANK;0;0,00;01/05/2026;;04/05/2026
OCP NEGOCIOS E APOIO ADMINISTRATIVO LTDA;1.597.586;66.537.782/0001-00;899;SUPORTE - XPRISMA;LCT;04/05/2026;11:08:49;ACAO VIA API - Neuroteks<BR>ENVIADO P/ NEUROTEKS<BR><BR> Transferencia de 938 para 928;11 98415-1812;C6BANK;0;0,00;30/04/2026;;04/05/2026
SAAF SOLUCOES EM RADIOLOGIA LTDA;1.599.475;66.547.263/0001-23;899;SUPORTE - XPRISMA;LCT;04/05/2026;11:12:10;ACAO VIA API - Neuroteks<BR>ENVIADO P/ NEUROTEKS<BR><BR> Transferencia de 938 para 928;21 96468-5377;C6BANK;0;0,00;30/04/2026;;04/05/2026
URBANIX BRASIL CONSTRUTORA E INCORPORADORA LTDA;1.601.631;66.576.103/0001-02;899;SUPORTE - XPRISMA;LCT;04/05/2026;11:15:45;ACAO VIA API - Neuroteks<BR>ENVIADO P/ NEUROTEKS<BR><BR> Transferencia de 938 para 928;16 99269-3606;C6BANK;0;0,00;04/05/2026;;05/05/2026
ANALU LAUFFER PSICOLOGIA LTDA;1.589.186;66.492.962/0001-13;899;SUPORTE - XPRISMA;LCT;04/05/2026;11:20:04;ACAO VIA API - Neuroteks<BR>ENVIADO P/ NEUROTEKS<BR><BR> Transferencia de 938 para 928;51 99830-6582;C6BANK;0;0,00;28/04/2026;;04/05/2026
ALESSANDRO APARECIDO DE OLIVEIRA;1.480.297;65.923.075/0001-90;899;SUPORTE - XPRISMA;LCT;04/05/2026;11:20:14;ACAO VIA API - Neuroteks<BR>ENVIADO P/ NEUROTEKS<BR><BR> Transferencia de 938 para 928;17 99618-9868;C6BANK;0;0,00;26/03/2026;;04/05/2026
SOUTHVALE TECNOLOGIA LTDA;1.595.199;66.524.342/0001-19;899;SUPORTE - XPRISMA;LCT;04/05/2026;11:24:09;ACAO VIA API - Neuroteks<BR>ENVIADO P/ NEUROTEKS<BR><BR> Transferencia de 938 para 928;83 99317-0398;C6BANK;0;0,00;29/04/2026;;04/05/2026
PETISCARIA PETISCA PEIXE LTDA;1.498.855;66.041.218/0001-00;899;SUPORTE - XPRISMA;LCT;04/05/2026;11:25:40;ACAO VIA API - Neuroteks<BR>ENVIADO P/ NEUROTEKS<BR><BR> Transferencia de 938 para 928;61 99669-0452;C6BANK;0;0,00;01/04/2026;;04/05/2026
G M - PROMOCAO DE VENDAS LTDA;1.514.400;65.784.255/0001-38;899;SUPORTE - XPRISMA;LCT;04/05/2026;11:29:01;ACAO VIA API - Neuroteks<BR>ENVIADO P/ NEUROTEKS<BR><BR> Transferencia de 938 para 928;11 5587-4152;C6BANK;0;0,00;07/04/2026;;04/05/2026
ATM DEDETIZACAO LTDA;1.600.055;66.550.205/0001-59;899;SUPORTE - XPRISMA;LCT;04/05/2026;11:30:52;ACAO VIA API - Neuroteks<BR>ENVIADO P/ NEUROTEKS<BR><BR> Transferencia de 938 para 928;61 98461-0770;C6BANK;0;0,00;30/04/2026;;30/04/2026
MUNDO LOVE PAES LTDA;1.518.594;65.816.321/0001-04;899;SUPORTE - XPRISMA;LCT;04/05/2026;11:31:16;ACAO VIA API - Neuroteks<BR>ENVIADO P/ NEUROTEKS<BR><BR> Transferencia de 938 para 928;31 99300-2688;C6BANK;0;0,00;07/04/2026;;04/05/2026
LANCHONETE E PIZZARIA SUPREMA DE SD LTDA;1.526.574;65.787.158/0001-07;899;SUPORTE - XPRISMA;LCT;04/05/2026;11:41:03;ACAO VIA API - Neuroteks<BR>ENVIADO P/ NEUROTEKS<BR><BR> Transferencia de 938 para 928;32 99988-4493;C6BANK;0;0,00;07/04/2026;;04/05/2026
CR SOLUCOES AGRICOLAS LTDA;1.600.564;66.560.245/0001-81;899;SUPORTE - XPRISMA;LCT;04/05/2026;11:42:53;ACAO VIA API - Neuroteks<BR>ENVIADO P/ NEUROTEKS<BR><BR> Transferencia de 938 para 928;34 99804-0585;C6BANK;0;0,00;02/05/2026;;02/05/2026
MARIANE MELOS MENDES SERVICOS COMERCIAIS LTDA;1.581.526;66.434.171/0001-37;899;SUPORTE - XPRISMA;LCT;04/05/2026;11:58:51;ACAO VIA API - Neuroteks<BR>ENVIADO P/ NEUROTEKS<BR><BR> Transferencia de 938 para 928;48 99643-8066;C6BANK;0;0,00;24/04/2026;;04/05/2026
N ARAUJO DE MELO DOMINGUES ATIVIDADES AUXILIARES F;1.598.764;66.543.846/0001-86;899;SUPORTE - XPRISMA;LCT;04/05/2026;12:03:21;ACAO VIA API - Neuroteks<BR>ENVIADO P/ NEUROTEKS<BR><BR> Transferencia de 938 para 928;11 98830-0408;C6BANK;0;0,00;30/04/2026;;04/05/2026
CACAU MIX LTDA;1.447.472;65.647.754/0001-83;899;SUPORTE - XPRISMA;LCT;04/05/2026;12:07:58;ACAO VIA API - Neuroteks<BR>ENVIADO P/ NEUROTEKS<BR><BR> Transferencia de 938 para 928;64 99956-6452;C6BANK;0;0,00;12/03/2026;;04/05/2026
CASA DOS PAES E MERCEARIA LTDA;1.601.994;66.578.299/0001-74;899;SUPORTE - XPRISMA;LCT;04/05/2026;12:19:01;ACAO VIA API - Neuroteks<BR>ENVIADO P/ NEUROTEKS<BR><BR> Transferencia de 938 para 928;21 99574-5541;C6BANK;0;0,00;04/05/2026;;04/05/2026
MESTI DUARTE OTORRINOLARINGOLOGIA LTDA;1.519.146;65.751.598/0001-04;899;SUPORTE - XPRISMA;LCT;04/05/2026;12:19:03;ACAO VIA API - Neuroteks<BR>ENVIADO P/ NEUROTEKS<BR><BR> Transferencia de 938 para 928;44 98806-1333;C6BANK;0;0,00;07/04/2026;;04/05/2026
RESTAURART RESTAURACOES LTDA;1.602.031;66.578.682/0001-22;899;SUPORTE - XPRISMA;LCT;04/05/2026;12:19:43;ACAO VIA API - Neuroteks<BR>ENVIADO P/ NEUROTEKS<BR><BR> Transferencia de 938 para 928;15 97403-1156;C6BANK;0;0,00;04/05/2026;;04/05/2026
FIGUEIREDO ESTRUTURAS METALICAS & LOGISTICAS PARA;1.549.399;66.190.046/0001-29;899;SUPORTE - XPRISMA;LCT;04/05/2026;12:23:22;ACAO VIA API - Neuroteks<BR>ENVIADO P/ NEUROTEKS<BR><BR> Transferencia de 938 para 928;81 98954-0644;C6BANK;0;0,00;10/04/2026;;04/05/2026
GABRIEL DE BRITTES SOCIEDADE INDIVIDUAL DE ADVOCAC;1.602.042;66.578.398/0001-56;899;SUPORTE - XPRISMA;LCT;04/05/2026;12:26:49;ACAO VIA API - Neuroteks<BR>ENVIADO P/ NEUROTEKS<BR><BR> Transferencia de 938 para 928;67 99915-2807;C6BANK;0;0,00;04/05/2026;;04/05/2026
JOAO CESAR LAUERMANN LTDA;1.447.928;65.649.971/0001-02;899;SUPORTE - XPRISMA;LCT;04/05/2026;12:29:23;ACAO VIA API - Neuroteks<BR>ENVIADO P/ NEUROTEKS<BR><BR> Transferencia de 938 para 928;67 99947-7989;C6BANK;0;0,00;12/03/2026;;04/05/2026
FL SERVICOS E TERRAPLENAGEM LTDA.;1.602.195;66.579.838/0001-90;899;SUPORTE - XPRISMA;LCT;04/05/2026;12:32:32;ACAO VIA API - Neuroteks<BR>ENVIADO P/ NEUROTEKS<BR><BR> Transferencia de 938 para 928;77 99136-1268;C6BANK;0;0,00;04/05/2026;;04/05/2026
SPEED SHIP SUPLEMENTOS MARITIMO LTDA;1.502.090;66.059.836/0001-70;899;SUPORTE - XPRISMA;LCT;04/05/2026;12:32:34;ACAO VIA API - Neuroteks<BR>ENVIADO P/ NEUROTEKS<BR><BR> Transferencia de 938 para 928;13 98812-4224;C6BANK;0;0,00;02/04/2026;;04/05/2026
JM MANUTENCAO & COMERCIO DE DRONES LTDA;1.546.645;66.173.228/0001-91;899;SUPORTE - XPRISMA;LCT;04/05/2026;12:33:14;ACAO VIA API - Neuroteks<BR>ENVIADO P/ NEUROTEKS<BR><BR> Transferencia de 938 para 928;34 99712-0901;C6BANK;0;0,00;09/04/2026;;04/05/2026
VISUAL SIGNS ADESIVOS LTDA;1.516.598;66.021.143/0001-98;899;SUPORTE - XPRISMA;LCT;04/05/2026;12:35:32;ACAO VIA API - Neuroteks<BR>ENVIADO P/ NEUROTEKS<BR><BR> Transferencia de 938 para 928;27 99792-0277;C6BANK;0;0,00;07/04/2026;;04/05/2026
ALBERTI VEICULOS LTDA;1.532.220;65.991.269/0001-22;899;SUPORTE - XPRISMA;LCT;04/05/2026;12:40:12;ACAO VIA API - Neuroteks<BR>ENVIADO P/ NEUROTEKS<BR><BR> Transferencia de 938 para 928;54 99641-6351;C6BANK;0;0,00;07/04/2026;;04/05/2026
THEO PARTICIPACOES LTDA;1.536.003;65.570.763/0001-13;899;SUPORTE - XPRISMA;LCT;04/05/2026;12:41:11;ACAO VIA API - Neuroteks<BR>ENVIADO P/ NEUROTEKS<BR><BR> Transferencia de 938 para 928;73 99830-8054;C6BANK;0;0,00;07/04/2026;;04/05/2026
OTAVIO SANTANA FERREIRA;1.543.794;66.155.354/0001-13;899;SUPORTE - XPRISMA;LCT;04/05/2026;12:42:02;ACAO VIA API - Neuroteks<BR>ENVIADO P/ NEUROTEKS<BR><BR> Transferencia de 938 para 928;16 99634-2840;C6BANK;0;0,00;08/04/2026;;04/05/2026
J DOS S PINHEIRO MONTAGEM E MANUTENCAO INDUSTRIAL;1.540.533;66.134.562/0001-36;899;SUPORTE - XPRISMA;LCT;04/05/2026;12:42:53;ACAO VIA API - Neuroteks<BR>ENVIADO P/ NEUROTEKS<BR><BR> Transferencia de 938 para 928;98 98291-0951;C6BANK;0;0,00;08/04/2026;;04/05/2026
HARDT & GONCALVES PILATES E TREINAMENTO LTDA;1.559.159;66.257.979/0001-96;899;SUPORTE - XPRISMA;LCT;04/05/2026;12:43:32;ACAO VIA API - Neuroteks<BR>ENVIADO P/ NEUROTEKS<BR><BR> Transferencia de 938 para 928;16 98807-3442;C6BANK;0;0,00;14/04/2026;;04/05/2026
CENTRO DE ACOLHIMENTO DOS ANIMAIS DE GOIANIRA;1.566.814;66.304.068/0001-72;899;SUPORTE - XPRISMA;LCT;04/05/2026;12:44:42;ACAO VIA API - Neuroteks<BR>ENVIADO P/ NEUROTEKS<BR><BR> Transferencia de 938 para 928;62 98488-3653;C6BANK;0;0,00;16/04/2026;;04/05/2026
GREMIO RECREATIVO MATUTOS NA ROCA;1.591.453;66.502.945/0001-10;899;SUPORTE - XPRISMA;LCT;04/05/2026;12:49:04;ACAO VIA API - Neuroteks<BR>ENVIADO P/ NEUROTEKS<BR><BR> Transferencia de 938 para 928;68 99972-0645;C6BANK;0;0,00;28/04/2026;;04/05/2026
POSTO SANTA MARIENSE LTDA;1.591.929;66.508.183/0001-69;899;SUPORTE - XPRISMA;LCT;04/05/2026;12:49:21;ACAO VIA API - Neuroteks<BR>ENVIADO P/ NEUROTEKS<BR><BR> Transferencia de 938 para 928;31 99922-1958;C6BANK;0;0,00;29/04/2026;;04/05/2026
V. SENA DE SOUZA LTDA;1.413.920;65.429.710/0001-87;899;SUPORTE - XPRISMA;LCT;04/05/2026;12:51:13;ACAO VIA API - Neuroteks<BR>ENVIADO P/ NEUROTEKS<BR><BR> Transferencia de 938 para 928;61 98549-8485;C6BANK;0;0,00;02/03/2026;;04/05/2026
SERVICOS AUTOMOTIVOS ALINHAK LTDA;1.496.382;66.027.088/0001-43;899;SUPORTE - XPRISMA;LCT;04/05/2026;12:53:20;ACAO VIA API - Neuroteks<BR>ENVIADO P/ NEUROTEKS<BR><BR> Transferencia de 938 para 928;71 99998-1980;C6BANK;0;0,00;01/04/2026;;04/05/2026
JMT - RP SISTEMAS LTDA;1.521.595;65.649.578/0001-19;899;SUPORTE - XPRISMA;LCT;04/05/2026;12:55:57;ACAO VIA API - Neuroteks<BR>ENVIADO P/ NEUROTEKS<BR><BR> Transferencia de 938 para 928;16 99755-9069;C6BANK;0;0,00;07/04/2026;;04/05/2026
SHOPPING DO AGRICULTOR LTDA;1.526.757;65.859.320/0001-47;899;SUPORTE - XPRISMA;LCT;04/05/2026;12:56:37;ACAO VIA API - Neuroteks<BR>ENVIADO P/ NEUROTEKS<BR><BR> Transferencia de 938 para 928;32 99951-0043;C6BANK;0;0,00;07/04/2026;;04/05/2026
CABRAL E MENEZES HOLDING DE PARTICIPACOES LTDA;1.535.522;65.788.335/0001-61;899;SUPORTE - XPRISMA;LCT;04/05/2026;12:57:56;ACAO VIA API - Neuroteks<BR>ENVIADO P/ NEUROTEKS<BR><BR> Transferencia de 938 para 928;31 97157-5750;C6BANK;0;0,00;07/04/2026;;04/05/2026
SKY NET ELETRONICOS LTDA;1.599.547;66.547.372/0001-40;899;SUPORTE - XPRISMA;LCT;04/05/2026;13:02:43;ACAO VIA API - Neuroteks<BR>ENVIADO P/ NEUROTEKS<BR><BR> Transferencia de 938 para 928;11 97885-3825;C6BANK;0;0,00;30/04/2026;;04/05/2026
MALKER LTDA;1.432.524;65.567.974/0001-05;899;SUPORTE - XPRISMA;LCT;04/05/2026;13:03:18;ACAO VIA API - Neuroteks<BR>ENVIADO P/ NEUROTEKS<BR><BR> Transferencia de 938 para 928;48 99693-7302;C6BANK;0;0,00;09/03/2026;;04/05/2026
CONEXOES QUE CURAM DESENVOLVIMENTO HUMANO E SAUDE;1.483.220;65.941.139/0001-85;899;SUPORTE - XPRISMA;LCT;04/05/2026;13:04:07;ACAO VIA API - Neuroteks<BR>ENVIADO P/ NEUROTEKS<BR><BR> Transferencia de 938 para 928;41 99800-0170;C6BANK;0;0,00;27/03/2026;;04/05/2026
VBC COMERCIO DE PRODUTOS DE OTICA LTDA;1.522.748;65.792.781/0001-40;899;SUPORTE - XPRISMA;LCT;04/05/2026;13:06:12;ACAO VIA API - Neuroteks<BR>ENVIADO P/ NEUROTEKS<BR><BR> Transferencia de 938 para 928;92 98226-1000;C6BANK;0;0,00;07/04/2026;;04/05/2026
SKYVANTIS CAPITAL HOLDING LTDA;1.595.510;66.525.986/0001-21;899;SUPORTE - XPRISMA;LCT;04/05/2026;13:09:38;ACAO VIA API - Neuroteks<BR>ENVIADO P/ NEUROTEKS<BR><BR> Transferencia de 938 para 928;11 98244-2757;C6BANK;0;0,00;29/04/2026;;04/05/2026
LM FLORESTAL LTDA;1.473.096;65.804.266/0001-32;899;SUPORTE - XPRISMA;LCT;04/05/2026;13:15:48;ACAO VIA API - Neuroteks<BR>ENVIADO P/ NEUROTEKS<BR><BR> Transferencia de 938 para 928;48 99807-8683;C6BANK;0;0,00;20/03/2026;;04/05/2026
BR LEGACY HOLDING DE PARTICIPACOES LTDA;1.524.108;65.987.961/0001-87;899;SUPORTE - XPRISMA;LCT;04/05/2026;13:19:42;ACAO VIA API - Neuroteks<BR>ENVIADO P/ NEUROTEKS<BR><BR> Transferencia de 938 para 928;81 99159-3477;C6BANK;0;0,00;07/04/2026;;04/05/2026
MCS DELIVERY LTDA;1.528.575;65.989.900/0001-59;899;SUPORTE - XPRISMA;LCT;04/05/2026;13:20:37;ACAO VIA API - Neuroteks<BR>ENVIADO P/ NEUROTEKS<BR><BR> Transferencia de 938 para 928;21 97368-5898;C6BANK;0;0,00;07/04/2026;;04/05/2026
LR IMOBILIARIA LTDA;1.531.414;65.801.673/0001-96;899;SUPORTE - XPRISMA;LCT;04/05/2026;13:20:56;ACAO VIA API - Neuroteks<BR>ENVIADO P/ NEUROTEKS<BR><BR> Transferencia de 938 para 928;67 99980-5030;C6BANK;0;0,00;07/04/2026;;04/05/2026
ECONOMYAIR AR CONDICIONADO LTDA;1.528.414;66.013.571/0001-79;899;SUPORTE - XPRISMA;LCT;04/05/2026;13:25:25;ACAO VIA API - Neuroteks<BR>ENVIADO P/ NEUROTEKS<BR><BR> Transferencia de 938 para 928;44 99142-9545;C6BANK;0;0,00;07/04/2026;;04/05/2026
ZL MELO GESTAO DE NEGOCIOS S.A;1.574.240;66.392.756/0001-31;899;SUPORTE - XPRISMA;LCT;04/05/2026;13:26:50;ACAO VIA API - Neuroteks<BR>ENVIADO P/ NEUROTEKS<BR><BR> Transferencia de 938 para 928;37 98412-2570;C6BANK;0;0,00;22/04/2026;;04/05/2026
ANDAIMES JUNDIAI LOCACAO DE EQUIPAMENTOS LTDA;1.510.016;65.886.489/0001-96;899;SUPORTE - XPRISMA;LCT;04/05/2026;13:30:10;ACAO VIA API - Neuroteks<BR>ENVIADO P/ NEUROTEKS<BR><BR> Transferencia de 938 para 928;11 95902-0000;C6BANK;0;0,00;07/04/2026;;04/05/2026
TR7 ADMINISTRADORA COMERCIAL INOVA SIMPLES (I.S.);1.602.537;66.582.670/0001-71;899;SUPORTE - XPRISMA;LCT;04/05/2026;13:30:18;ACAO VIA API - Neuroteks<BR>ENVIADO P/ NEUROTEKS<BR><BR> Transferencia de 938 para 928;11 99279-2100;C6BANK;0;0,00;04/05/2026;;04/05/2026
CAMEAT SERVICOS ADMINISTRATIVOS LTDA;1.525.134;65.886.703/0001-04;899;SUPORTE - XPRISMA;LCT;04/05/2026;13:30:25;ACAO VIA API - Neuroteks<BR>ENVIADO P/ NEUROTEKS<BR><BR> Transferencia de 938 para 928;19 99382-6549;C6BANK;0;0,00;07/04/2026;;04/05/2026
HRPO-HILOTERAPIA RECUPERACAO POS OPERATORIA LTDA;1.478.076;65.879.742/0001-84;899;SUPORTE - XPRISMA;LCT;04/05/2026;13:33:30;ACAO VIA API - Neuroteks<BR>ENVIADO P/ NEUROTEKS<BR><BR> Transferencia de 938 para 928;27 98117-1395;C6BANK;0;0,00;24/03/2026;;04/05/2026
JDF CAPITAL LTDA;1.516.139;66.030.846/0001-82;899;SUPORTE - XPRISMA;LCT;04/05/2026;13:35:18;ACAO VIA API - Neuroteks<BR>ENVIADO P/ NEUROTEKS<BR><BR> Transferencia de 938 para 928;54 99997-7474;C6BANK;0;0,00;07/04/2026;;04/05/2026
CRISTAL CARROS E REBOQUES LTDA;1.582.815;66.440.366/0001-90;899;SUPORTE - XPRISMA;LCT;04/05/2026;13:38:30;ACAO VIA API - Neuroteks<BR>ENVIADO P/ NEUROTEKS<BR><BR> Transferencia de 938 para 928;21 99708-1307;C6BANK;0;0,00;24/04/2026;;04/05/2026
RICARDO MACHADO NEVES SOCIEDADE INDIVIDUAL DE ADVO;1.514.476;65.788.258/0001-40;899;SUPORTE - XPRISMA;LCT;04/05/2026;13:40:10;ACAO VIA API - Neuroteks<BR>ENVIADO P/ NEUROTEKS<BR><BR> Transferencia de 938 para 928;62 98210-2095;C6BANK;0;0,00;07/04/2026;;04/05/2026
VID MAX CONSTRUTORA LTDA;1.466.496;65.766.239/0001-12;899;SUPORTE - XPRISMA;LCT;04/05/2026;13:44:01;ACAO VIA API - Neuroteks<BR>ENVIADO P/ NEUROTEKS<BR><BR> Transferencia de 938 para 928;27 99792-6003;C6BANK;0;0,00;18/03/2026;;04/05/2026
CASTEFER FERRO E ACO LTDA;1.529.154;65.659.867/0001-07;899;SUPORTE - XPRISMA;LCT;04/05/2026;13:46:03;ACAO VIA API - Neuroteks<BR>ENVIADO P/ NEUROTEKS<BR><BR> Transferencia de 938 para 928;12 98206-6688;C6BANK;0;0,00;07/04/2026;;04/05/2026
ASSEMBLEIA DE DEUS DOS MONTES E VALES;1.496.633;66.028.495/0001-75;899;SUPORTE - XPRISMA;LCT;04/05/2026;14:00:31;ACAO VIA API - Neuroteks<BR>ENVIADO P/ NEUROTEKS<BR><BR> Transferencia de 938 para 928;21 97086-5917;C6BANK;0;0,00;01/04/2026;;04/05/2026
W&L FRUTAS SELECIONADAS LTDA;1.512.209;65.895.424/0001-07;899;SUPORTE - XPRISMA;LCT;04/05/2026;14:01:03;ACAO VIA API - Neuroteks<BR>ENVIADO P/ NEUROTEKS<BR><BR> Transferencia de 938 para 928;41 93300-4493;C6BANK;0;0,00;07/04/2026;;04/05/2026
FACE BLOOM LTDA;1.520.032;65.950.142/0001-65;899;SUPORTE - XPRISMA;LCT;04/05/2026;14:02:32;ACAO VIA API - Neuroteks<BR>ENVIADO P/ NEUROTEKS<BR><BR> Transferencia de 938 para 928;11 2576-0491;C6BANK;0;0,00;07/04/2026;;04/05/2026
DOBLINSKI CONSULTORIA EM GESTAO EMPRESARIAL LTDA;1.520.781;65.903.803/0001-00;899;SUPORTE - XPRISMA;LCT;04/05/2026;14:03:18;ACAO VIA API - Neuroteks<BR>ENVIADO P/ NEUROTEKS<BR><BR> Transferencia de 938 para 928;11 95209-0286;C6BANK;0;0,00;07/04/2026;;04/05/2026
CLEIA REJANE MOREIRA GONCALVES SOCIEDADE INDIVIDUA;1.602.893;66.584.375/0001-54;899;SUPORTE - XPRISMA;LCT;04/05/2026;14:18:57;ACAO VIA API - Neuroteks<BR>ENVIADO P/ NEUROTEKS<BR><BR> Transferencia de 938 para 928;67 99925-0411;C6BANK;0;0,00;04/05/2026;;04/05/2026
A&E PARTICIPACOES E INVESTIMENTOS LTDA;1.513.544;65.794.337/0001-63;899;SUPORTE - XPRISMA;LCT;04/05/2026;14:34:02;ACAO VIA API - Neuroteks<BR>ENVIADO P/ NEUROTEKS<BR><BR> Transferencia de 938 para 928;11 95736-4445;C6BANK;0;0,00;07/04/2026;;04/05/2026
AXION CONCRETOS CONSTRUCOES LTDA;1.499.134;66.044.824/0001-71;899;SUPORTE - XPRISMA;LCT;04/05/2026;15:22:26;ACAO VIA API - Neuroteks<BR>ENVIADO P/ NEUROTEKS<BR><BR> Transferencia de 938 para 928;61 98234-8363;C6BANK;0;0,00;02/04/2026;;04/05/2026
LIZANDRA MARTINS SOCIEDADE INDIVIDUAL DE ADVOCACIA;1.603.378;66.587.768/0001-11;899;SUPORTE - XPRISMA;LCT;04/05/2026;15:27:37;ACAO VIA API - Neuroteks<BR>ENVIADO P/ NEUROTEKS<BR><BR> Transferencia de 938 para 928;79 98819-0396;C6BANK;0;0,00;04/05/2026;;04/05/2026
MARLEI CMDOF COMERCIO LTDA;1.528.059;65.947.783/0001-60;899;SUPORTE - XPRISMA;LCT;04/05/2026;15:44:47;ACAO VIA API - Neuroteks<BR>ENVIADO P/ NEUROTEKS<BR><BR> Transferencia de 938 para 928;11 99313-5343;C6BANK;0;0,00;07/04/2026;;04/05/2026
SERVICOS DE NUTRICAO MURILO NUNES DO PRADO LTDA;1.532.099;65.970.721/0001-70;899;SUPORTE - XPRISMA;LCT;04/05/2026;15:52:39;ACAO VIA API - Neuroteks<BR>ENVIADO P/ NEUROTEKS<BR><BR> Transferencia de 938 para 928;64 99931-0162;C6BANK;0;0,00;07/04/2026;;04/05/2026
KAHBAR RESTAURANTE E ESPETARIA LTDA;1.529.035;65.885.654/0001-95;899;SUPORTE - XPRISMA;LCT;04/05/2026;15:59:02;ACAO VIA API - Neuroteks<BR>ENVIADO P/ NEUROTEKS<BR><BR> Transferencia de 938 para 928;11 95964-0378;C6BANK;0;0,00;07/04/2026;;06/05/2026
INSTITUTO ROMULO CAPOEIRA;1.485.502;65.952.410/0001-88;899;SUPORTE - XPRISMA;LCT;04/05/2026;16:01:04;ACAO VIA API - Neuroteks<BR>ENVIADO P/ NEUROTEKS<BR><BR> Transferencia de 938 para 928;93 99109-1858;C6BANK;0;0,00;27/03/2026;;04/05/2026
LAHM HOLDING LTDA;1.378.196;65.016.781/0001-58;899;SUPORTE - XPRISMA;LCT;04/05/2026;16:20:30;ACAO VIA API - Neuroteks<BR>ENVIADO P/ NEUROTEKS<BR><BR> Transferencia de 938 para 928;17 99193-6178;C6BANK;0;0,00;01/03/2026;;04/05/2026
FARBES SERVICOS E NEGOCIOS LTDA;1.471.229;65.792.958/0001-08;899;SUPORTE - XPRISMA;LCT;04/05/2026;16:20:43;ACAO VIA API - Neuroteks<BR>ENVIADO P/ NEUROTEKS<BR><BR> Transferencia de 938 para 928;98 98822-6018;C6BANK;0;0,00;19/03/2026;;04/05/2026
L FEITOSA LTDA;987.783;64.232.494/0001-12;899;SUPORTE - XPRISMA;LCT;04/05/2026;16:23:04;ACAO VIA API - Neuroteks<BR>ENVIADO P/ NEUROTEKS<BR><BR> Transferencia de 938 para 928;86 99408-1853;C6BANK;0;0,00;03/01/2026;;04/05/2026
LANCHONETE E RESTAURANTE OLIVEIRA E OLIVEIRA TAUBA;1.193.454;64.503.693/0001-18;899;SUPORTE - XPRISMA;LCT;04/05/2026;16:31:52;ACAO VIA API - Neuroteks<BR>ENVIADO P/ NEUROTEKS<BR><BR> Transferencia de 938 para 928;12 98188-0196;C6BANK;0;0,00;15/01/2026;;04/05/2026
FBM CONSULTORIA E LOCACAO LTDA;1.603.011;66.585.849/0001-82;899;SUPORTE - XPRISMA;LCT;05/05/2026;08:42:51;ACAO VIA API - Neuroteks<BR>ENVIADO P/ NEUROTEKS<BR><BR> Transferencia de 938 para 928;61 99401-6609;C6BANK;0;0,00;04/05/2026;;04/05/2026
ANA PAULA MESQUITA NUNES - SOCIEDADE INDIVIDUAL DE;1.604.555;66.597.298/0001-77;899;SUPORTE - XPRISMA;LCT;05/05/2026;08:43:40;ACAO VIA API - Neuroteks<BR>ENVIADO P/ NEUROTEKS<BR><BR> Transferencia de 938 para 928;51 99321-4819;C6BANK;0;0,00;05/05/2026;;05/05/2026
PAULO FERNANDO DE ALMEIDA FILHO SOCIEDADE INDIVIDU;1.604.649;66.598.270/0001-54;899;SUPORTE - XPRISMA;LCT;05/05/2026;08:48:43;ACAO VIA API - Neuroteks<BR>ENVIADO P/ NEUROTEKS<BR><BR> Transferencia de 938 para 928;81 99878-0400;C6BANK;0;0,00;05/05/2026;;05/05/2026
SERENAMENTE - PSICOLOGIA E BEM-ESTAR EMOCIONAL LTD;1.353.864;65.391.531/0001-06;899;SUPORTE - XPRISMA;LCT;05/05/2026;10:24:52;ACAO VIA API - Neuroteks<BR>ENVIADO P/ NEUROTEKS<BR><BR> Transferencia de 938 para 928;21 97493-9233;C6BANK;0;0,00;28/02/2026;;05/05/2026
P. H. REFORMAS E CONSTRUCAO LTDA;1.602.661;66.583.384/0001-20;899;SUPORTE - XPRISMA;LCT;05/05/2026;10:31:23;ACAO VIA API - Neuroteks<BR>ENVIADO P/ NEUROTEKS<BR><BR> Transferencia de 938 para 928;61 98361-3100;C6BANK;0;0,00;04/05/2026;;04/05/2026
CRISTIANE ALENCAR DE ARAUJO PATRICIO LTDA;402.909;63.329.535/0001-20;899;SUPORTE - XPRISMA;LCT;05/05/2026;10:36:54;ACAO VIA API - Neuroteks<BR>ENVIADO P/ NEUROTEKS<BR><BR> Transferencia de 938 para 928;85 99934-1331;C6BANK;0;0,00;21/11/2025;;05/05/2026
D. V. GALINDO COMERCIO DE ROUPAS LTDA;1.603.887;66.590.710/0001-27;899;SUPORTE - XPRISMA;LCT;05/05/2026;10:56:34;ACAO VIA API - Neuroteks<BR>ENVIADO P/ NEUROTEKS<BR><BR> Transferencia de 938 para 928;92 98101-0182;C6BANK;0;0,00;04/05/2026;;05/05/2026
AGATHOS CLINICA EM REABILITACAO PSICOLOGICA LTDA;1.413.748;65.428.329/0001-01;899;SUPORTE - XPRISMA;LCT;05/05/2026;10:58:01;ACAO VIA API - Neuroteks<BR>ENVIADO P/ NEUROTEKS<BR><BR> Transferencia de 938 para 928;85 99706-1673;C6BANK;0;0,00;02/03/2026;;05/05/2026
ESPORTE CLUBE PROJETO SOCIAL GRATIDAO ALVORADA;1.589.323;66.493.656/0001-00;899;SUPORTE - XPRISMA;LCT;05/05/2026;11:16:20;ACAO VIA API - Neuroteks<BR>ENVIADO P/ NEUROTEKS<BR><BR> Transferencia de 938 para 928;19 99400-1950;C6BANK;0;0,00;28/04/2026;;05/05/2026
MARCOS NEVES DOS SANTOS SOCIEDADE INDIVIDUAL DE AD;1.597.910;66.539.424/0001-37;899;SUPORTE - XPRISMA;LCT;05/05/2026;11:17:15;ACAO VIA API - Neuroteks<BR>ENVIADO P/ NEUROTEKS<BR><BR> Transferencia de 938 para 928;21 96448-6260;C6BANK;0;0,00;30/04/2026;;06/05/2026
ALTO CONFORTO ESTOFADOS LTDA;1.603.631;66.589.353/0001-87;899;SUPORTE - XPRISMA;LCT;05/05/2026;11:20:42;ACAO VIA API - Neuroteks<BR>ENVIADO P/ NEUROTEKS<BR><BR> Transferencia de 938 para 928;31 98284-7279;C6BANK;0;0,00;04/05/2026;;05/05/2026
TEIXEIRA & MELO REPRESENTACAO COMERCIAL LTDA;1.369.875;65.203.404/0001-28;899;SUPORTE - XPRISMA;LCT;05/05/2026;11:20:59;ACAO VIA API - Neuroteks<BR>ENVIADO P/ NEUROTEKS<BR><BR> Transferencia de 938 para 928;31 99786-8077;C6BANK;0;0,00;01/03/2026;;05/05/2026
WILLPLOTTER LTDA;1.604.849;66.599.296/0001-17;899;SUPORTE - XPRISMA;LCT;05/05/2026;11:23:16;ACAO VIA API - Neuroteks<BR>ENVIADO P/ NEUROTEKS<BR><BR> Transferencia de 938 para 928;34 99309-4809;C6BANK;0;0,00;05/05/2026;;05/05/2026
IZAGUIRES E TABORGA PANIFICADORA LTDA;1.599.434;66.547.182/0001-23;899;SUPORTE - XPRISMA;LCT;05/05/2026;11:29:20;ACAO VIA API - Neuroteks<BR>ENVIADO P/ NEUROTEKS<BR><BR> Transferencia de 938 para 928;47 99195-5886;C6BANK;0;0,00;30/04/2026;;05/05/2026
ELISIANE T. BRUM VOLTZ LTDA;1.349.828;65.367.729/0001-46;899;SUPORTE - XPRISMA;LCT;05/05/2026;11:29:45;ACAO VIA API - Neuroteks<BR>ENVIADO P/ NEUROTEKS<BR><BR> Transferencia de 938 para 928;51 99593-8610;C6BANK;0;0,00;27/02/2026;;05/05/2026
P. H. REFORMAS E CONSTRUCAO LTDA;1.602.661;66.583.384/0001-20;899;SUPORTE - XPRISMA;LCT;05/05/2026;11:36:17;ACAO VIA API - Neuroteks<BR>ENVIADO P/ NEUROTEKS<BR><BR> Transferencia de 938 para 928;61 98361-3100;C6BANK;0;0,00;04/05/2026;;04/05/2026
LUIZ GONCALO DA SILVA SOCIEDADE INDIVIDUAL DE ADVO;1.587.920;66.487.908/0001-80;899;SUPORTE - XPRISMA;LCT;05/05/2026;11:41:34;ACAO VIA API - Neuroteks<BR>ENVIADO P/ NEUROTEKS<BR><BR> Transferencia de 938 para 928;65 99921-9049;C6BANK;0;0,00;28/04/2026;;05/05/2026
CASA GENTIL MOVEIS E ELETRODOMESTICOS COMERCIO LTD;1.549.959;66.192.971/0001-99;899;SUPORTE - XPRISMA;LCT;05/05/2026;11:43:23;ACAO VIA API - Neuroteks<BR>ENVIADO P/ NEUROTEKS<BR><BR> Transferencia de 938 para 928;91 98561-2824;C6BANK;0;0,00;10/04/2026;;04/05/2026
ASSOCIACAO DOS CAMINHONEIROS AUTONOMOS DO PORTO DE;1.597.356;66.536.625/0001-80;899;SUPORTE - XPRISMA;LCT;05/05/2026;11:47:40;ACAO VIA API - Neuroteks<BR>ENVIADO P/ NEUROTEKS<BR><BR> Transferencia de 938 para 928;81 99267-2440;C6BANK;0;0,00;30/04/2026;;05/05/2026
LEONOV PINTO MOREIRA SOCIEDADE INDIVIDUAL DE ADVOC;268.858;63.504.885/0001-86;899;SUPORTE - XPRISMA;LCT;05/05/2026;11:49:03;ACAO VIA API - Neuroteks<BR>ENVIADO P/ NEUROTEKS<BR><BR> Transferencia de 938 para 928;75 99931-9990;C6BANK;0;0,00;05/11/2025;;05/05/2026
GEORGE SOM AUDIO SYSTEMS LTDA;1.599.755;66.548.320/0001-99;899;SUPORTE - XPRISMA;LCT;05/05/2026;11:50:10;ACAO VIA API - Neuroteks<BR>ENVIADO P/ NEUROTEKS<BR><BR> Transferencia de 938 para 928;84 99653-0500;C6BANK;0;0,00;30/04/2026;;05/05/2026
ASSOCIACAO DOS PROPRIETARIOS DA CHACARA RECANTO AL;1.446.636;65.642.961/0001-45;899;SUPORTE - XPRISMA;LCT;05/05/2026;11:52:21;ACAO VIA API - Neuroteks<BR>ENVIADO P/ NEUROTEKS<BR><BR> Transferencia de 938 para 928;66 99669-8907;C6BANK;0;0,00;12/03/2026;;05/05/2026
R. INVESTIMENTOS E PARTICIPACOES LTDA;1.363.442;65.082.600/0001-91;899;SUPORTE - XPRISMA;LCT;05/05/2026;14:14:56;ACAO VIA API - Neuroteks<BR>ENVIADO P/ NEUROTEKS<BR><BR> Transferencia de 938 para 928;11 94557-8660;C6BANK;0;0,00;01/03/2026;;07/04/2026
VIP VIAGENS E MILHAS LTDA;1.596.604;66.533.566/0001-97;899;SUPORTE - XPRISMA;LCT;05/05/2026;14:15:44;ACAO VIA API - Neuroteks<BR>ENVIADO P/ NEUROTEKS<BR><BR> Transferencia de 938 para 928;77 99900-3727;C6BANK;0;0,00;30/04/2026;;05/05/2026
APPLE COM LUCAS LTDA;1.604.502;66.595.956/0001-91;899;SUPORTE - XPRISMA;LCT;05/05/2026;14:24:40;ACAO VIA API - Neuroteks<BR>ENVIADO P/ NEUROTEKS<BR><BR> Transferencia de 938 para 928;11 98891-0221;C6BANK;0;0,00;04/05/2026;;04/05/2026
ASSOCIACAO DE PEQUENOS PRODUTORES E AGRICULTORES K;296.329;62.912.121/0001-67;899;SUPORTE - XPRISMA;LCT;05/05/2026;14:41:18;ACAO VIA API - Neuroteks<BR>ENVIADO P/ NEUROTEKS<BR><BR> Transferencia de 938 para 928;69 99317-1389;C6BANK;0;0,00;11/11/2025;;05/05/2026
J.L. SERVICOS ESPECIALIZADOS EM REFORMAS E CONSTRU;1.506.715;66.101.612/0001-89;899;SUPORTE - XPRISMA;LCT;05/05/2026;14:42:07;ACAO VIA API - Neuroteks<BR>ENVIADO P/ NEUROTEKS<BR><BR> Transferencia de 938 para 928;24 98811-3258;C6BANK;0;0,00;06/04/2026;;05/05/2026
WERBETH PINTO DOS SANTOS LTDA;1.503.960;66.085.007/0001-61;899;SUPORTE - XPRISMA;LCT;05/05/2026;14:44:06;ACAO VIA API - Neuroteks<BR>ENVIADO P/ NEUROTEKS<BR><BR> Transferencia de 938 para 928;85 98890-8398;C6BANK;0;0,00;06/04/2026;;05/05/2026
JOSE AGOSTINHO VELOSO FILHO;303.811;62.721.951/0001-07;899;SUPORTE - XPRISMA;LCT;05/05/2026;14:45:38;ACAO VIA API - Neuroteks<BR>ENVIADO P/ NEUROTEKS<BR><BR> Transferencia de 938 para 928;89 99464-1002;C6BANK;0;0,00;11/11/2025;;05/05/2026
RODRIGUES FRANCO DERMATOLOGIA E CIRURGIA PLASTICA;1.368.924;64.684.148/0001-75;899;SUPORTE - XPRISMA;LCT;05/05/2026;14:50:57;ACAO VIA API - Neuroteks<BR>ENVIADO P/ NEUROTEKS<BR><BR> Transferencia de 938 para 928;24 98129-4597;C6BANK;0;0,00;01/03/2026;;05/05/2026
F S PRESTACAO DE SERVICOS DE CARGA E DESCARGA LTDA;1.605.974;66.605.637/0001-10;899;SUPORTE - XPRISMA;LCT;05/05/2026;14:57:36;ACAO VIA API - Neuroteks<BR>ENVIADO P/ NEUROTEKS<BR><BR> Transferencia de 938 para 928;81 98593-8162;C6BANK;0;0,00;05/05/2026;;05/05/2026
ROBSON ROBERTO RITA  - ESPORTES;539.713;62.583.373/0001-90;899;SUPORTE - XPRISMA;LCT;05/05/2026;15:10:57;ACAO VIA API - Neuroteks<BR>ENVIADO P/ NEUROTEKS<BR><BR> Transferencia de 938 para 928;62 98462-3932;C6BANK;0;0,00;27/11/2025;;05/09/2025
RB PLAZA EVENTOS LTDA;1.136.200;64.173.916/0001-26;899;SUPORTE - XPRISMA;LCT;05/05/2026;15:11:49;ACAO VIA API - Neuroteks<BR>ENVIADO P/ NEUROTEKS<BR><BR> Transferencia de 938 para 928;11 99991-0738;C6BANK;0;0,00;09/01/2026;;05/05/2026
PRISCILA SIMAS BERNARDONI LTDA;1.607.248;66.613.470/0001-39;899;SUPORTE - XPRISMA;LCT;05/05/2026;15:30:07;ACAO VIA API - Neuroteks<BR>ENVIADO P/ NEUROTEKS<BR><BR> Transferencia de 938 para 928;51 99640-2747;C6BANK;0;0,00;05/05/2026;;8650001
SC SERVICOS I.P LTDA;1.217.828;64.664.494/0001-91;899;SUPORTE - XPRISMA;LCT;05/05/2026;15:30:33;ACAO VIA API - Neuroteks<BR>ENVIADO P/ NEUROTEKS<BR><BR> Transferencia de 938 para 928;54 99973-4464;C6BANK;0;0,00;22/01/2026;;05/05/2026
ALINE RICHIL PSICOLOGIA CLINICA LTDA;1.607.278;66.613.624/0001-92;899;SUPORTE - XPRISMA;LCT;05/05/2026;15:30:52;ACAO VIA API - Neuroteks<BR>ENVIADO P/ NEUROTEKS<BR><BR> Transferencia de 938 para 928;95 99142-3378;C6BANK;0;0,00;05/05/2026;;05/05/2026
BEGIC EMPREENDIMENTOS E ENGENHARIA LTDA;1.550.661;66.196.088/0001-77;899;SUPORTE - XPRISMA;LCT;05/05/2026;15:34:39;ACAO VIA API - Neuroteks<BR>ENVIADO P/ NEUROTEKS<BR><BR> Transferencia de 938 para 928;71 98743-9726;C6BANK;0;0,00;10/04/2026;;05/05/2026
59.749.738 CRISTIANO ALVES DO PRADO;413.324;59.749.738/0001-07;899;SUPORTE - XPRISMA;LCT;05/05/2026;15:39:32;ACAO VIA API - Neuroteks<BR>ENVIADO P/ NEUROTEKS<BR><BR> Transferencia de 938 para 928;43 99874-6266;C6BANK;0;0,00;24/11/2025;;05/05/2026
MMR BAR E RESTAURANTE LTDA;1.553.546;66.222.160/0001-93;899;SUPORTE - XPRISMA;LCT;05/05/2026;15:43:41;ACAO VIA API - Neuroteks<BR>ENVIADO P/ NEUROTEKS<BR><BR> Transferencia de 938 para 928;21 96441-5304;C6BANK;0;0,00;13/04/2026;;05/05/2026
63.238.860 MARIA JOSE DOS SANTOS SILVA;420.901;63.238.860/0001-88;899;SUPORTE - XPRISMA;LCT;05/05/2026;15:44:44;ACAO VIA API - Neuroteks<BR>ENVIADO P/ NEUROTEKS<BR><BR> Transferencia de 938 para 928;81 97305-3938;C6BANK;0;0,00;24/11/2025;;05/05/2026
HOTEL RODRIGO LTDA;1.606.196;66.607.109/0001-08;899;SUPORTE - XPRISMA;LCT;05/05/2026;15:53:43;ACAO VIA API - Neuroteks<BR>ENVIADO P/ NEUROTEKS<BR><BR> Transferencia de 938 para 928;64 98100-0230;C6BANK;0;0,00;05/05/2026;;05/05/2026
CHIRLEI LOPES PEREIRA;273.918;62.519.875/0001-51;899;SUPORTE - XPRISMA;LCT;05/05/2026;15:57:46;ACAO VIA API - Neuroteks<BR>ENVIADO P/ NEUROTEKS<BR><BR> Transferencia de 938 para 928;38 99881-2800;C6BANK;0;0,00;07/11/2025;;05/05/2026
JMFS PARTICIPACOES SOCIETARIAS S.A.;271.568;62.503.767/0001-90;899;SUPORTE - XPRISMA;LCT;05/05/2026;15:59:44;ACAO VIA API - Neuroteks<BR>ENVIADO P/ NEUROTEKS<BR><BR> Transferencia de 938 para 928;48 99984-0131;C6BANK;0;0,00;07/11/2025;;05/05/2026
58.986.927 HERMES FELLINI SEBBEN;1.022.122;58.986.927/0001-22;899;SUPORTE - XPRISMA;LCT;05/05/2026;16:03:14;ACAO VIA API - Neuroteks<BR>ENVIADO P/ NEUROTEKS<BR><BR> Transferencia de 938 para 928;54 99162-7867;C6BANK;0;0,00;06/01/2026;;05/05/2026
CASA PLENA MOVEIS E DECORACAO LTDA;609.219;62.004.267/0001-04;899;SUPORTE - XPRISMA;LCT;05/05/2026;16:04:20;ACAO VIA API - Neuroteks<BR>ENVIADO P/ NEUROTEKS<BR><BR> Transferencia de 938 para 928;51 99773-4487;C6BANK;0;0,00;02/12/2025;;05/05/2026
NR NATH RODRIGUES STUDIO LTDA;1.605.809;66.604.295/0001-13;899;SUPORTE - XPRISMA;LCT;05/05/2026;16:04:28;ACAO VIA API - Neuroteks<BR>ENVIADO P/ NEUROTEKS<BR><BR> Transferencia de 938 para 928;11 99193-8898;C6BANK;0;0,00;05/05/2026;;05/05/2026
CRS PINTURAS PREDIAIS LTDA;1.509.313;66.121.052/0001-24;899;SUPORTE - XPRISMA;LCT;05/05/2026;16:04:44;ACAO VIA API - Neuroteks<BR>ENVIADO P/ NEUROTEKS<BR><BR> Transferencia de 938 para 928;91 98512-2194;C6BANK;0;0,00;07/04/2026;;05/05/2026
PATRICIA MORETTI E OUTRO;281.305;58.337.862/0001-94;899;SUPORTE - XPRISMA;LCT;05/05/2026;16:06:33;ACAO VIA API - Neuroteks<BR>ENVIADO P/ NEUROTEKS<BR><BR> Transferencia de 938 para 928;17 99604-1389;C6BANK;0;0,00;08/11/2025;;05/05/2026
RN METALICA TECNICA - SERVICOS DE SERRALHERIA E ES;1.607.616;66.615.630/0001-89;899;SUPORTE - XPRISMA;LCT;05/05/2026;16:06:57;ACAO VIA API - Neuroteks<BR>ENVIADO P/ NEUROTEKS<BR><BR> Transferencia de 938 para 928;27 99599-5540;C6BANK;0;0,00;05/05/2026;;05/05/2026
R GONCALEZ DE LIMA AGRONEGOCIOS & TRANSPORTES LTDA;1.502.007;66.059.521/0001-22;899;SUPORTE - XPRISMA;LCT;05/05/2026;16:21:12;ACAO VIA API - Neuroteks<BR>ENVIADO P/ NEUROTEKS<BR><BR> Transferencia de 938 para 928;17 99758-1137;C6BANK;0;0,00;02/04/2026;;05/05/2026
SFG GLOBAL LTDA;350.722;58.622.254/0001-21;899;SUPORTE - XPRISMA;LCT;05/05/2026;16:28:37;ACAO VIA API - Neuroteks<BR>ENVIADO P/ NEUROTEKS<BR><BR> Transferencia de 938 para 928;11 99344-9578;C6BANK;0;0,00;18/11/2025;;05/05/2026
FRANCIELE ELOISA NETHER EMMEL LTDA;362.427;63.477.646/0001-84;899;SUPORTE - XPRISMA;LCT;05/05/2026;16:31:37;ACAO VIA API - Neuroteks<BR>ENVIADO P/ NEUROTEKS<BR><BR> Transferencia de 938 para 928;51 98188-7060;C6BANK;0;0,00;19/11/2025;;05/05/2026
REAL TEC MANUTENCAO COMERCIAL E RESIDENCIAL LTDA;1.559.600;66.260.154/0001-20;899;SUPORTE - XPRISMA;LCT;05/05/2026;16:41:57;ACAO VIA API - Neuroteks<BR>ENVIADO P/ NEUROTEKS<BR><BR> Transferencia de 938 para 928;11 97171-8713;C6BANK;0;0,00;14/04/2026;;05/05/2026
BARROS MATERIAS DE TATUAGEM LTDA;1.561.183;66.271.405/0001-72;899;SUPORTE - XPRISMA;LCT;05/05/2026;16:45:42;ACAO VIA API - Neuroteks<BR>ENVIADO P/ NEUROTEKS<BR><BR> Transferencia de 938 para 928;91 98194-7734;C6BANK;0;0,00;15/04/2026;;05/05/2026
LOKAPP LOCADORA DE VEICULOS LTDA;738.843;60.611.520/0001-62;899;SUPORTE - XPRISMA;LCT;05/05/2026;16:51:45;ACAO VIA API - Neuroteks<BR>ENVIADO P/ NEUROTEKS<BR><BR> Transferencia de 938 para 928;83 98902-8014;C6BANK;0;0,00;08/12/2025;;05/05/2026
ORTOPER LTDA;981.377;64.184.808/0001-59;899;SUPORTE - XPRISMA;LCT;05/05/2026;16:52:42;ACAO VIA API - Neuroteks<BR>ENVIADO P/ NEUROTEKS<BR><BR> Transferencia de 938 para 928;65 99938-3771;C6BANK;0;0,00;29/12/2025;;05/05/2026
ASAFE PINTURAS LTDA;1.607.976;66.617.380/0001-16;899;SUPORTE - XPRISMA;LCT;05/05/2026;16:57:21;ACAO VIA API - Neuroteks<BR>ENVIADO P/ NEUROTEKS<BR><BR> Transferencia de 938 para 928;11 99940-9889;C6BANK;0;0,00;05/05/2026;;05/05/2026
GSM LICITACOES E CONSTRUCOES LTDA;1.581.223;66.432.844/0001-10;899;SUPORTE - XPRISMA;LCT;05/05/2026;16:58:36;ACAO VIA API - Neuroteks<BR>ENVIADO P/ NEUROTEKS<BR><BR> Transferencia de 938 para 928;14 99191-4951;C6BANK;0;0,00;24/04/2026;;17/04/2026
RESTAURANTE E LANCHERIA COELHO S LTDA;297.370;62.693.302/0001-40;899;SUPORTE - XPRISMA;LCT;05/05/2026;16:58:40;ACAO VIA API - Neuroteks<BR>ENVIADO P/ NEUROTEKS<BR><BR> Transferencia de 938 para 928;48 98867-9020;C6BANK;0;0,00;11/11/2025;;05/05/2026
ASSOCIACAO BADMINTON E PARABADMINTON NAS ESCOLAS D;297.660;62.849.407/0001-45;899;SUPORTE - XPRISMA;LCT;05/05/2026;16:58:41;ACAO VIA API - Neuroteks<BR>ENVIADO P/ NEUROTEKS<BR><BR> Transferencia de 938 para 928;41 99807-4622;C6BANK;0;0,00;11/11/2025;;05/05/2026
RETIFICA DE CABECOTE SAO JOSE LTDA;1.597.757;66.538.723/0001-57;899;SUPORTE - XPRISMA;LCT;05/05/2026;17:00:50;ACAO VIA API - Neuroteks<BR>ENVIADO P/ NEUROTEKS<BR><BR> Transferencia de 938 para 928;63 99243-7729;C6BANK;0;0,00;30/04/2026;;05/05/2026
VEICULOS & LOCACOES CENTRAL LTDA;1.605.008;66.600.106/0001-34;899;SUPORTE - XPRISMA;LCT;05/05/2026;17:01:17;ACAO VIA API - Neuroteks<BR>ENVIADO P/ NEUROTEKS<BR><BR> Transferencia de 938 para 928;74 99998-6444;C6BANK;0;0,00;05/05/2026;;04/05/2026
INSPIRA ACAO CAPACITACAO E ASSESSORIA LTDA;1.576.920;66.409.415/0001-21;899;SUPORTE - XPRISMA;LCT;05/05/2026;17:02:17;ACAO VIA API - Neuroteks<BR>ENVIADO P/ NEUROTEKS<BR><BR> Transferencia de 938 para 928;19 98838-4995;C6BANK;0;0,00;23/04/2026;;05/05/2026
UNIAO AUTO CENTER LTDA;1.574.025;66.391.777/0001-32;899;SUPORTE - XPRISMA;LCT;05/05/2026;17:03:42;ACAO VIA API - Neuroteks<BR>ENVIADO P/ NEUROTEKS<BR><BR> Transferencia de 938 para 928;63 99233-6182;C6BANK;0;0,00;22/04/2026;;05/05/2026
LEMEA LEMEA;820.747;63.417.551/0001-75;899;SUPORTE - XPRISMA;LCT;05/05/2026;17:08:15;ACAO VIA API - Neuroteks<BR>ENVIADO P/ NEUROTEKS<BR><BR> Transferencia de 938 para 928;89 99443-1295;C6BANK;0;0,00;12/12/2025;;05/05/2026
VIAS D N T R 026 PROCESSAMENTOS E S LTDA;1.581.609;66.434.924/0001-04;899;SUPORTE - XPRISMA;LCT;05/05/2026;17:10:41;ACAO VIA API - Neuroteks<BR>ENVIADO P/ NEUROTEKS<BR><BR> Transferencia de 938 para 928;61 98548-9455;C6BANK;0;0,00;24/04/2026;;05/05/2026
ST ATIVOS E PARTICIPACOES LTDA;371.581;63.409.281/0001-50;899;SUPORTE - XPRISMA;LCT;05/05/2026;17:15:10;ACAO VIA API - Neuroteks<BR>ENVIADO P/ NEUROTEKS<BR><BR> Transferencia de 938 para 928;31 99847-4000;C6BANK;0;0,00;20/11/2025;;05/05/2026
MK DESPACHANTE LTDA;1.608.071;66.617.833/0001-04;899;SUPORTE - XPRISMA;LCT;05/05/2026;17:16:52;ACAO VIA API - Neuroteks<BR>ENVIADO P/ NEUROTEKS<BR><BR> Transferencia de 938 para 928;51 99475-3268;C6BANK;0;0,00;05/05/2026;;05/05/2026
ORIM GESTAO E EMPREENDIMENTOS LTDA;1.591.979;66.508.428/0001-58;899;SUPORTE - XPRISMA;LCT;05/05/2026;17:21:54;ACAO VIA API - Neuroteks<BR>ENVIADO P/ NEUROTEKS<BR><BR> Transferencia de 938 para 928;62 98172-3559;C6BANK;0;0,00;29/04/2026;;05/05/2026
63.213.460 MIRIAM DANIELA SANTOS DA ROSA;423.699;63.213.460/0001-18;899;SUPORTE - XPRISMA;LCT;05/05/2026;17:27:16;ACAO VIA API - Neuroteks<BR>ENVIADO P/ NEUROTEKS<BR><BR> Transferencia de 938 para 928;51 99147-0291;C6BANK;0;0,00;24/11/2025;;05/05/2026
D. M. T. CORRETORA DE SEGUROS LTDA;1.599.581;66.546.787/0001-08;899;SUPORTE - XPRISMA;LCT;05/05/2026;17:29:27;ACAO VIA API - Neuroteks<BR>ENVIADO P/ NEUROTEKS<BR><BR> Transferencia de 938 para 928;16 99770-7305;C6BANK;0;0,00;30/04/2026;;05/05/2026
SACRAMENTO CONSTRUCOES E FACILITIES LTDA.;1.602.193;66.579.883/0001-44;899;SUPORTE - XPRISMA;LCT;05/05/2026;17:30:05;ACAO VIA API - Neuroteks<BR>ENVIADO P/ NEUROTEKS<BR><BR> Transferencia de 938 para 928;71 98195-0832;C6BANK;0;0,00;04/05/2026;;04/05/2026
N14 SERVICO DE MONTAGEM DE ESTRUTURAS LTDA;1.605.567;66.603.455/0001-00;899;SUPORTE - XPRISMA;LCT;05/05/2026;17:32:02;ACAO VIA API - Neuroteks<BR>ENVIADO P/ NEUROTEKS<BR><BR> Transferencia de 938 para 928;83 98600-3048;C6BANK;0;0,00;05/05/2026;;28/04/2026
V. DA SILVA OLIVEIRA E CIA LTDA;398.586;63.319.777/0001-33;899;SUPORTE - XPRISMA;LCT;05/05/2026;17:33:08;ACAO VIA API - Neuroteks<BR>ENVIADO P/ NEUROTEKS<BR><BR> Transferencia de 938 para 928;93 98100-3746;C6BANK;0;0,00;21/11/2025;;05/05/2026
ASSOCIACAO COMUNITARIA DE RADIODIFUSAO DE JATEI-MS;464.828;59.927.458/0001-33;899;SUPORTE - XPRISMA;LCT;05/05/2026;17:35:11;ACAO VIA API - Neuroteks<BR>ENVIADO P/ NEUROTEKS<BR><BR> Transferencia de 938 para 928;67 99976-3119;C6BANK;0;0,00;26/11/2025;;05/05/2026
HOTEL RODRIGO LTDA;1.606.196;66.607.109/0001-08;899;SUPORTE - XPRISMA;LCT;05/05/2026;17:36:02;ACAO VIA API - Neuroteks<BR>ENVIADO P/ NEUROTEKS<BR><BR> Transferencia de 938 para 928;64 98100-0230;C6BANK;0;0,00;05/05/2026;;05/05/2026
MINEIRO COMERCIAL DE BALAS DOCES E BISCOITOS LTDA;1.604.380;66.594.192/0001-10;899;SUPORTE - XPRISMA;LCT;05/05/2026;17:36:11;ACAO VIA API - Neuroteks<BR>ENVIADO P/ NEUROTEKS<BR><BR> Transferencia de 938 para 928;27 98877-5683;C6BANK;0;0,00;04/05/2026;;05/05/2026
OUTLET VITRINE LTDA;1.605.236;66.601.341/0001-20;899;SUPORTE - XPRISMA;LCT;05/05/2026;17:37:04;ACAO VIA API - Neuroteks<BR>ENVIADO P/ NEUROTEKS<BR><BR> Transferencia de 938 para 928;64 99292-8327;C6BANK;0;0,00;05/05/2026;;28/04/2026
SANTA HERMINA SERVICOS LTDA;1.605.867;66.604.937/0001-84;899;SUPORTE - XPRISMA;LCT;05/05/2026;17:38:56;ACAO VIA API - Neuroteks<BR>ENVIADO P/ NEUROTEKS<BR><BR> Transferencia de 938 para 928;65 99230-6956;C6BANK;0;0,00;05/05/2026;;05/05/2026
ASSOCIACAO ESPORTE CLUBE PENHAROL;1.508.846;66.117.719/0001-15;899;SUPORTE - XPRISMA;LCT;05/05/2026;17:49:38;ACAO VIA API - Neuroteks<BR>ENVIADO P/ NEUROTEKS<BR><BR> Transferencia de 938 para 928;55 99728-2905;C6BANK;0;0,00;07/04/2026;;05/05/2026
SOCIEDADE ESPORTIVA UNIAO FUTEBOL CLUBE;417.578;63.242.646/0001-03;899;SUPORTE - XPRISMA;LCT;05/05/2026;17:51:30;ACAO VIA API - Neuroteks<BR>ENVIADO P/ NEUROTEKS<BR><BR> Transferencia de 938 para 928;31 99760-8907;C6BANK;0;0,00;24/11/2025;;05/05/2026
ASSOCIACAO DOS MORADORES DA ALDEOTA E ADJACENCIAS;1.541.283;66.138.763/0001-01;899;SUPORTE - XPRISMA;LCT;05/05/2026;17:53:36;ACAO VIA API - Neuroteks<BR>ENVIADO P/ NEUROTEKS<BR><BR> Transferencia de 938 para 928;85 98720-4802;C6BANK;0;0,00;08/04/2026;;05/05/2026
SP CONSULTORIA E ASSESSORIA TRIBUTARIA E EMPRESARI;1.545.511;66.166.716/0001-71;899;SUPORTE - XPRISMA;LCT;05/05/2026;17:56:54;ACAO VIA API - Neuroteks<BR>ENVIADO P/ NEUROTEKS<BR><BR> Transferencia de 938 para 928;31 99644-8068;C6BANK;0;0,00;09/04/2026;;05/05/2026
H. PATAS - HOSPITAL VETERINARIO LTDA;616.469;63.406.215/0001-27;899;SUPORTE - XPRISMA;LCT;05/05/2026;18:03:28;ACAO VIA API - Neuroteks<BR>ENVIADO P/ NEUROTEKS<BR><BR> Transferencia de 938 para 928;11 95774-1701;C6BANK;0;0,00;02/12/2025;;05/05/2026
LOPES & RUBIO REPRESENTACOES LTDA;620.184;63.300.203/0001-13;899;SUPORTE - XPRISMA;LCT;05/05/2026;18:05:21;ACAO VIA API - Neuroteks<BR>ENVIADO P/ NEUROTEKS<BR><BR> Transferencia de 938 para 928;11 99246-1471;C6BANK;0;0,00;02/12/2025;;05/05/2026
RMF FOODS LTDA;1.553.184;66.220.462/0001-22;899;SUPORTE - XPRISMA;LCT;05/05/2026;18:05:36;ACAO VIA API - Neuroteks<BR>ENVIADO P/ NEUROTEKS<BR><BR> Transferencia de 938 para 928;12 98812-1376;C6BANK;0;0,00;13/04/2026;;05/05/2026
F&G TUBOS E CONEXOES VENDAS E SERVICOS LTDA;1.607.063;66.611.972/0001-20;899;SUPORTE - XPRISMA;LCT;05/05/2026;18:08:46;ACAO VIA API - Neuroteks<BR>ENVIADO P/ NEUROTEKS<BR><BR> Transferencia de 938 para 928;27 99785-2823;C6BANK;0;0,00;05/05/2026;;05/05/2026
AGATA GABRIELA SAIBA KUSLLER LTDA;1.563.440;66.284.223/0001-36;899;SUPORTE - XPRISMA;LCT;05/05/2026;18:11:18;ACAO VIA API - Neuroteks<BR>ENVIADO P/ NEUROTEKS<BR><BR> Transferencia de 938 para 928;49 99805-1097;C6BANK;0;0,00;15/04/2026;;05/05/2026
VASCO TERRAPLANAGEM LTDA;1.562.000;66.276.092/0001-45;899;SUPORTE - XPRISMA;LCT;05/05/2026;18:12:51;ACAO VIA API - Neuroteks<BR>ENVIADO P/ NEUROTEKS<BR><BR> Transferencia de 938 para 928;41 99958-7993;C6BANK;0;0,00;15/04/2026;;05/05/2026
THAIZA BIANCHINI CUBA SOCIEDADE INDIVIDUAL DE ADVO;1.588.275;66.489.254/0001-23;899;SUPORTE - XPRISMA;LCT;05/05/2026;18:37:01;ACAO VIA API - Neuroteks<BR>ENVIADO P/ NEUROTEKS<BR><BR> Transferencia de 938 para 928;65 98173-6902;C6BANK;0;0,00;28/04/2026;;05/05/2026
SOBERANA A ARTE EM MOVEIS SOB MEDIDA LTDA;1.589.388;66.493.887/0001-05;899;SUPORTE - XPRISMA;LCT;05/05/2026;18:37:59;ACAO VIA API - Neuroteks<BR>ENVIADO P/ NEUROTEKS<BR><BR> Transferencia de 938 para 928;11 98569-0000;C6BANK;0;0,00;28/04/2026;;05/05/2026
OUTLET VITRINE LTDA;1.605.236;66.601.341/0001-20;899;SUPORTE - XPRISMA;LCT;05/05/2026;18:39:59;ACAO VIA API - Neuroteks<BR>ENVIADO P/ NEUROTEKS<BR><BR> Transferencia de 938 para 928;64 99292-8327;C6BANK;0;0,00;05/05/2026;;28/04/2026
KAKA SERVICOS LOCACOES E TRANSPORTES LTDA;1.600.713;66.565.709/0001-42;899;SUPORTE - XPRISMA;LCT;06/05/2026;08:01:34;ACAO VIA API - Neuroteks<BR>ENVIADO P/ NEUROTEKS<BR><BR> Transferencia de 938 para 928;73 99976-8419;C6BANK;0;0,00;03/05/2026;;29/04/2026
CONVY TECH INOVA SIMPLES (I.S.);1.596.081;66.529.203/0001-88;899;SUPORTE - XPRISMA;LCT;06/05/2026;08:06:16;ACAO VIA API - Neuroteks<BR>ENVIADO P/ NEUROTEKS<BR><BR> Transferencia de 938 para 928;19 99516-1958;C6BANK;0;0,00;29/04/2026;;06/05/2026
RMDOZE PRODUCOES E SOLUCOES AUDIOVISUAIS LTDA;1.520.335;65.975.612/0001-45;899;SUPORTE - XPRISMA;LCT;06/05/2026;08:13:17;ACAO VIA API - Neuroteks<BR>ENVIADO P/ NEUROTEKS<BR><BR> Transferencia de 938 para 928;11 97364-9541;C6BANK;0;0,00;07/04/2026;;06/05/2026
FERRO VELHO SANTOS LTDA;1.608.779;66.624.749/0001-18;899;SUPORTE - XPRISMA;LCT;06/05/2026;08:23:28;ACAO VIA API - Neuroteks<BR>ENVIADO P/ NEUROTEKS<BR><BR> Transferencia de 938 para 928;66 99940-8642;C6BANK;0;0,00;06/05/2026;;06/05/2026
KAIROS ODONTOLOGIA ESPECIALIZADA LTDA;1.609.279;66.627.318/0001-05;899;SUPORTE - XPRISMA;LCT;06/05/2026;10:13:50;ACAO VIA API - Neuroteks<BR>ENVIADO P/ NEUROTEKS<BR><BR> Transferencia de 938 para 928;32 99884-9772;C6BANK;0;0,00;06/05/2026;;8630504
MATSUOKA SOCIEDADE INDIVIDUAL DE ADVOCACIA;1.604.562;66.597.624/0001-46;899;SUPORTE - XPRISMA;LCT;06/05/2026;10:14:27;ACAO VIA API - Neuroteks<BR>ENVIADO P/ NEUROTEKS<BR><BR> Transferencia de 938 para 928;11 4668-1000;C6BANK;0;0,00;05/05/2026;;06/05/2026
A2 MONTAGEM MANUTENCAO E FABRICACAO LTDA;1.607.021;66.612.451/0001-98;899;SUPORTE - XPRISMA;LCT;06/05/2026;10:14:40;ACAO VIA API - Neuroteks<BR>ENVIADO P/ NEUROTEKS<BR><BR> Transferencia de 938 para 928;64 99314-2961;C6BANK;0;0,00;05/05/2026;;3321000
THERMOTEC DISTRIBUIDORA LTDA;1.609.413;66.627.579/0001-25;899;SUPORTE - XPRISMA;LCT;06/05/2026;10:18:27;ACAO VIA API - Neuroteks<BR>ENVIADO P/ NEUROTEKS<BR><BR> Transferencia de 938 para 928;43 99603-5159;C6BANK;0;0,00;06/05/2026;;06/05/2026
NUTRICAO E EQUILIBRIO JF LTDA;1.601.301;66.574.249/0001-19;899;SUPORTE - XPRISMA;LCT;06/05/2026;10:18:30;ACAO VIA API - Neuroteks<BR>ENVIADO P/ NEUROTEKS<BR><BR> Transferencia de 938 para 928;64 99327-6404;C6BANK;0;0,00;04/05/2026;;06/05/2026
TECVIDEO IMAGENS LTDA;1.604.683;66.598.199/0001-00;899;SUPORTE - XPRISMA;LCT;06/05/2026;10:20:19;ACAO VIA API - Neuroteks<BR>ENVIADO P/ NEUROTEKS<BR><BR> Transferencia de 938 para 928;86 98884-5690;C6BANK;0;0,00;05/05/2026;;05/05/2026
EXPERIMENTA AI DO SONECA;1.608.363;66.620.169/0001-52;899;SUPORTE - XPRISMA;LCT;06/05/2026;10:27:13;ACAO VIA API - Neuroteks<BR>ENVIADO P/ NEUROTEKS<BR><BR> Transferencia de 938 para 928;21 99516-6301;C6BANK;0;0,00;05/05/2026;;5611201
CONVENIENCIA BR POINT MAGUARI LTDA;1.606.526;66.609.481/0001-45;899;SUPORTE - XPRISMA;LCT;06/05/2026;10:31:10;ACAO VIA API - Neuroteks<BR>ENVIADO P/ NEUROTEKS<BR><BR> Transferencia de 938 para 928;91 99980-4998;C6BANK;0;0,00;05/05/2026;;06/05/2026
C. S. G. COMERCIO DE METAIS E ACESSORIOS LTDA;1.606.918;66.611.694/0001-01;899;SUPORTE - XPRISMA;LCT;06/05/2026;10:32:44;ACAO VIA API - Neuroteks<BR>ENVIADO P/ NEUROTEKS<BR><BR> Transferencia de 938 para 928;17 99275-8757;C6BANK;0;0,00;05/05/2026;;4744003
SEU CHICO COZINHA E BAR LTDA;1.607.341;66.614.035/0001-29;899;SUPORTE - XPRISMA;LCT;06/05/2026;10:36:18;ACAO VIA API - Neuroteks<BR>ENVIADO P/ NEUROTEKS<BR><BR> Transferencia de 938 para 928;61 99308-7109;C6BANK;0;0,00;05/05/2026;;5611203
RAFAEL MARTINS DE OLIVEIRA LTDA;1.608.556;66.622.954/0001-44;899;SUPORTE - XPRISMA;LCT;06/05/2026;10:39:46;ACAO VIA API - Neuroteks<BR>ENVIADO P/ NEUROTEKS<BR><BR> Transferencia de 938 para 928;33 99934-4111;C6BANK;0;0,00;05/05/2026;;4330404
FM SOLUCOES EM GESSO E SERVICOS LTDA;1.607.279;66.613.644/0001-63;899;SUPORTE - XPRISMA;LCT;06/05/2026;10:45:38;ACAO VIA API - Neuroteks<BR>ENVIADO P/ NEUROTEKS<BR><BR> Transferencia de 938 para 928;31 98576-8984;C6BANK;0;0,00;05/05/2026;;4330403
FERRYONX SERVICOS E MANUTENCOES LTDA;1.609.743;66.629.997/0001-51;899;SUPORTE - XPRISMA;LCT;06/05/2026;11:15:37;ACAO VIA API - Neuroteks<BR>ENVIADO P/ NEUROTEKS<BR><BR> Transferencia de 938 para 928;19 99721-1920;C6BANK;0;0,00;06/05/2026;;06/05/2026
DAVARE ASSESSORIA ADMINISTRATIVA LTDA;1.609.966;66.631.179/0001-93;899;SUPORTE - XPRISMA;LCT;06/05/2026;11:17:12;ACAO VIA API - Neuroteks<BR>ENVIADO P/ NEUROTEKS<BR><BR> Transferencia de 938 para 928;11 99908-2066;C6BANK;0;0,00;06/05/2026;;06/05/2026
ESTACAO BADY ESPETO LTDA;1.609.557;66.628.816/0001-72;899;SUPORTE - XPRISMA;LCT;06/05/2026;11:22:48;ACAO VIA API - Neuroteks<BR>ENVIADO P/ NEUROTEKS<BR><BR> Transferencia de 938 para 928;17 99233-3643;C6BANK;0;0,00;06/05/2026;;06/05/2026
SOUZA CONSTRUCAO CIVIL LTDA;1.609.791;66.630.384/0001-34;899;SUPORTE - XPRISMA;LCT;06/05/2026;11:25:44;ACAO VIA API - Neuroteks<BR>ENVIADO P/ NEUROTEKS<BR><BR> Transferencia de 938 para 928;48 99672-7857;C6BANK;0;0,00;06/05/2026;;4120400
ASSEMBLEIA DE DEUS VIVEREI MILAGRES;1.609.048;66.625.808/0001-72;899;SUPORTE - XPRISMA;LCT;06/05/2026;11:31:37;ACAO VIA API - Neuroteks<BR>ENVIADO P/ NEUROTEKS<BR><BR> Transferencia de 938 para 928;21 97989-2056;C6BANK;0;0,00;06/05/2026;;06/05/2026
ISIS MAKE COMERCIO DE MAQUIAGEM LTDA;1.417.791;65.453.162/0001-20;899;SUPORTE - XPRISMA;LCT;06/05/2026;11:37:02;ACAO VIA API - Neuroteks<BR>ENVIADO P/ NEUROTEKS<BR><BR> Transferencia de 938 para 928;65 98175-7852;C6BANK;0;0,00;03/03/2026;;06/05/2026
CONSTRUTORA FACANHA ADMISSIVEL LTDA;1.418.230;65.455.190/0001-87;899;SUPORTE - XPRISMA;LCT;06/05/2026;11:37:15;ACAO VIA API - Neuroteks<BR>ENVIADO P/ NEUROTEKS<BR><BR> Transferencia de 938 para 928;31 99992-6405;C6BANK;0;0,00;03/03/2026;;06/05/2026
A. SOUZA DA SILVA LTDA;1.609.953;66.631.097/0001-49;899;SUPORTE - XPRISMA;LCT;06/05/2026;11:44:29;ACAO VIA API - Neuroteks<BR>ENVIADO P/ NEUROTEKS<BR><BR> Transferencia de 938 para 928;51 99371-8375;C6BANK;0;0,00;06/05/2026;;6190699
MAYCON BRUNO BORGES DEON SOCIEDADE INDIVIDUAL DE A;1.432.040;65.565.006/0001-51;899;SUPORTE - XPRISMA;LCT;06/05/2026;11:44:52;ACAO VIA API - Neuroteks<BR>ENVIADO P/ NEUROTEKS<BR><BR> Transferencia de 938 para 928;46 99924-8150;C6BANK;0;0,00;09/03/2026;;06/05/2026
ANA CRISTINA CANDIDO DA LUZ SOCIEDADE INDIVIDUAL DE ADVOCACIA;1.609.997;66.631.245/0001-25;899;SUPORTE - XPRISMA;LCT;06/05/2026;11:49:04;ACAO VIA API - Neuroteks<BR>ENVIADO P/ NEUROTEKS<BR><BR> Transferencia de 938 para 928;21 99303-0187;C6BANK;0;0,00;06/05/2026;;6911701
NUTRIFLOW COM. DE ALIM. LTDA;1.607.499;66.614.943/0001-12;899;SUPORTE - XPRISMA;LCT;06/05/2026;11:51:23;ACAO VIA API - Neuroteks<BR>ENVIADO P/ NEUROTEKS<BR><BR> Transferencia de 938 para 928;85 98790-5261;C6BANK;0;0,00;05/05/2026;;06/05/2026
DEFINIT MOVEIS E AMBIENTES PLANEJADOS LTDA;1.610.128;66.632.250/0001-52;899;SUPORTE - XPRISMA;LCT;06/05/2026;11:57:19;ACAO VIA API - Neuroteks<BR>ENVIADO P/ NEUROTEKS<BR><BR> Transferencia de 938 para 928;34 99956-6095;C6BANK;0;0,00;06/05/2026;;06/05/2026
C.S MOTORS COMERCIO DE VEICULOS LTDA;1.610.136;66.632.344/0001-21;899;SUPORTE - XPRISMA;LCT;06/05/2026;11:57:32;ACAO VIA API - Neuroteks<BR>ENVIADO P/ NEUROTEKS<BR><BR> Transferencia de 938 para 928;61 98192-8307;C6BANK;0;0,00;06/05/2026;;06/05/2026
G&M AUDITORIA EM ENFERMAGEM LTDA;1.449.786;65.662.036/0001-86;899;SUPORTE - XPRISMA;LCT;06/05/2026;11:57:52;ACAO VIA API - Neuroteks<BR>ENVIADO P/ NEUROTEKS<BR><BR> Transferencia de 938 para 928;31 98486-8598;C6BANK;0;0,00;13/03/2026;;06/05/2026
ELITE AVIATION ACADEMY EDUCACAO LTDA;1.455.061;65.694.327/0001-56;899;SUPORTE - XPRISMA;LCT;06/05/2026;12:01:06;ACAO VIA API - Neuroteks<BR>ENVIADO P/ NEUROTEKS<BR><BR> Transferencia de 938 para 928;11 98551-4241;C6BANK;0;0,00;15/03/2026;;06/05/2026
G R CONSTRUTORA RURAL LTDA;1.459.407;65.723.503/0001-30;899;SUPORTE - XPRISMA;LCT;06/05/2026;12:04:29;ACAO VIA API - Neuroteks<BR>ENVIADO P/ NEUROTEKS<BR><BR> Transferencia de 938 para 928;94 99297-4973;C6BANK;0;0,00;17/03/2026;;06/05/2026
JOSE ATILIO DE NIGRO;1.459.903;65.725.973/0001-33;899;SUPORTE - XPRISMA;LCT;06/05/2026;12:04:43;ACAO VIA API - Neuroteks<BR>ENVIADO P/ NEUROTEKS<BR><BR> Transferencia de 938 para 928;18 99621-2332;C6BANK;0;0,00;17/03/2026;;06/05/2026
ROCHA CONSULTORIA INDUSTRIAL LTDA;1.459.524;65.724.088/0001-30;899;SUPORTE - XPRISMA;LCT;06/05/2026;12:05:10;ACAO VIA API - Neuroteks<BR>ENVIADO P/ NEUROTEKS<BR><BR> Transferencia de 938 para 928;47 99120-3047;C6BANK;0;0,00;17/03/2026;;06/05/2026
GUADALAJARA ESPORTE CLUBE;1.459.737;65.725.185/0001-47;899;SUPORTE - XPRISMA;LCT;06/05/2026;12:05:14;ACAO VIA API - Neuroteks<BR>ENVIADO P/ NEUROTEKS<BR><BR> Transferencia de 938 para 928;31 99557-5513;C6BANK;0;0,00;17/03/2026;;12/03/2026
O.J NEGOCIOS DIGITAIS LTDA;1.460.249;65.727.640/0001-43;899;SUPORTE - XPRISMA;LCT;06/05/2026;12:05:17;ACAO VIA API - Neuroteks<BR>ENVIADO P/ NEUROTEKS<BR><BR> Transferencia de 938 para 928;62 98345-3165;C6BANK;0;0,00;17/03/2026;;06/05/2026
G. MARCHESAN RESTAURANTE LTDA;1.465.375;65.757.102/0001-00;899;SUPORTE - XPRISMA;LCT;06/05/2026;12:09:23;ACAO VIA API - Neuroteks<BR>ENVIADO P/ NEUROTEKS<BR><BR> Transferencia de 938 para 928;16 99790-8426;C6BANK;0;0,00;18/03/2026;;06/05/2026
M D F FONTENELE LTDA;1.466.093;65.765.153/0001-75;899;SUPORTE - XPRISMA;LCT;06/05/2026;12:11:06;ACAO VIA API - Neuroteks<BR>ENVIADO P/ NEUROTEKS<BR><BR> Transferencia de 938 para 928;86 99970-1737;C6BANK;0;0,00;18/03/2026;;06/05/2026
LJ TRANSPORTE LTDA;1.470.138;65.787.895/0001-00;899;SUPORTE - XPRISMA;LCT;06/05/2026;12:14:31;ACAO VIA API - Neuroteks<BR>ENVIADO P/ NEUROTEKS<BR><BR> Transferencia de 938 para 928;27 99886-2808;C6BANK;0;0,00;19/03/2026;;06/05/2026
ESTUDIO MAYER ARQUITETURA LTDA;1.470.201;65.788.274/0001-32;899;SUPORTE - XPRISMA;LCT;06/05/2026;12:14:32;ACAO VIA API - Neuroteks<BR>ENVIADO P/ NEUROTEKS<BR><BR> Transferencia de 938 para 928;21 97378-7777;C6BANK;0;0,00;19/03/2026;;06/05/2026
D M SOARES FILHO LTDA;1.470.262;65.788.554/0001-40;899;SUPORTE - XPRISMA;LCT;06/05/2026;12:14:47;ACAO VIA API - Neuroteks<BR>ENVIADO P/ NEUROTEKS<BR><BR> Transferencia de 938 para 928;84 99471-1455;C6BANK;0;0,00;19/03/2026;;06/05/2026
ADVANTES ENGENHARIA E SERVICOS LTDA;1.478.093;65.879.899/0001-00;899;SUPORTE - XPRISMA;LCT;06/05/2026;12:21:13;ACAO VIA API - Neuroteks<BR>ENVIADO P/ NEUROTEKS<BR><BR> Transferencia de 938 para 928;84 99616-7647;C6BANK;0;0,00;24/03/2026;;06/05/2026
DESIGN FINAL MARMORARIA E VIDRACARIA LTDA;1.608.374;66.620.276/0001-80;899;SUPORTE - XPRISMA;LCT;06/05/2026;12:31:20;ACAO VIA API - Neuroteks<BR>ENVIADO P/ NEUROTEKS<BR><BR> Transferencia de 938 para 928;16 99261-5929;C6BANK;0;0,00;05/05/2026;;2391503
GUIMARAES OFFICE LTDA;1.494.462;66.013.268/0001-76;899;SUPORTE - XPRISMA;LCT;06/05/2026;12:36:30;ACAO VIA API - Neuroteks<BR>ENVIADO P/ NEUROTEKS<BR><BR> Transferencia de 938 para 928;31 99846-6088;C6BANK;0;0,00;31/03/2026;;06/05/2026
OURINHOS COMERCIO DE GAS E AGUA CATANDUVA LTDA;1.499.151;66.045.445/0001-04;899;SUPORTE - XPRISMA;LCT;06/05/2026;12:39:33;ACAO VIA API - Neuroteks<BR>ENVIADO P/ NEUROTEKS<BR><BR> Transferencia de 938 para 928;17 99718-6225;C6BANK;0;0,00;02/04/2026;;06/05/2026
DECILLIE LTDA;1.610.053;66.631.585/0001-56;899;SUPORTE - XPRISMA;LCT;06/05/2026;12:41:45;ACAO VIA API - Neuroteks<BR>ENVIADO P/ NEUROTEKS<BR><BR> Transferencia de 938 para 928;61 99902-0420;C6BANK;0;0,00;06/05/2026;;06/05/2026
ARCA MATERIAL DE CONSTRUCAO LTDA;1.503.950;66.084.533/0001-07;899;SUPORTE - XPRISMA;LCT;06/05/2026;12:45:08;ACAO VIA API - Neuroteks<BR>ENVIADO P/ NEUROTEKS<BR><BR> Transferencia de 938 para 928;19 98323-4520;C6BANK;0;0,00;06/04/2026;;06/05/2026
DW COMERCIO DE GAS LTDA;1.509.367;66.121.285/0001-27;899;SUPORTE - XPRISMA;LCT;06/05/2026;12:49:46;ACAO VIA API - Neuroteks<BR>ENVIADO P/ NEUROTEKS<BR><BR> Transferencia de 938 para 928;69 99274-1422;C6BANK;0;0,00;07/04/2026;;06/05/2026
FKC PARTICIPACOES LTDA;1.513.148;65.600.787/0001-78;899;SUPORTE - XPRISMA;LCT;06/05/2026;12:56:07;ACAO VIA API - Neuroteks<BR>ENVIADO P/ NEUROTEKS<BR><BR> Transferencia de 938 para 928;47 99264-7847;C6BANK;0;0,00;07/04/2026;;06/05/2026
HEM SAUDE INTEGRADA LTDA;1.610.460;66.634.292/0001-22;899;SUPORTE - XPRISMA;LCT;06/05/2026;13:09:30;ACAO VIA API - Neuroteks<BR>ENVIADO P/ NEUROTEKS<BR><BR> Transferencia de 938 para 928;21 97633-1458;C6BANK;0;0,00;06/05/2026;;06/05/2026
VH SOLUCOES FINANCEIRAS LTDA;1.519.322;65.787.555/0001-70;899;SUPORTE - XPRISMA;LCT;06/05/2026;13:10:34;ACAO VIA API - Neuroteks<BR>ENVIADO P/ NEUROTEKS<BR><BR> Transferencia de 938 para 928;11 98465-8906;C6BANK;0;0,00;07/04/2026;;06/05/2026
GKF ASSESSORIA IMOBILIARIA E INVESTIMENTOS LTDA;1.521.205;65.615.638/0001-82;899;SUPORTE - XPRISMA;LCT;06/05/2026;13:16:12;ACAO VIA API - Neuroteks<BR>ENVIADO P/ NEUROTEKS<BR><BR> Transferencia de 938 para 928;11 95856-8278;C6BANK;0;0,00;07/04/2026;;06/05/2026
NABARRO SERVICOS DE PROTESE DENTARIA LTDA;1.521.854;65.759.916/0001-75;899;SUPORTE - XPRISMA;LCT;06/05/2026;13:17:40;ACAO VIA API - Neuroteks<BR>ENVIADO P/ NEUROTEKS<BR><BR> Transferencia de 938 para 928;44 99146-4864;C6BANK;0;0,00;07/04/2026;;06/05/2026
RA VEICULOS MULTIMARCAS LTDA;1.522.482;65.850.412/0001-66;899;SUPORTE - XPRISMA;LCT;06/05/2026;13:19:35;ACAO VIA API - Neuroteks<BR>ENVIADO P/ NEUROTEKS<BR><BR> Transferencia de 938 para 928;11 97127-1792;C6BANK;0;0,00;07/04/2026;;06/05/2026
HOFF ATACADAO PNEUS LTDA;1.522.727;65.794.680/0001-08;899;SUPORTE - XPRISMA;LCT;06/05/2026;13:20:52;ACAO VIA API - Neuroteks<BR>ENVIADO P/ NEUROTEKS<BR><BR> Transferencia de 938 para 928;11 96274-0434;C6BANK;0;0,00;07/04/2026;;06/05/2026
SOLVER FLOW SOLUCOES TECNOLOGICAS LTDA;1.523.289;65.628.044/0001-06;899;SUPORTE - XPRISMA;LCT;06/05/2026;13:22:15;ACAO VIA API - Neuroteks<BR>ENVIADO P/ NEUROTEKS<BR><BR> Transferencia de 938 para 928;31 98279-7487;C6BANK;0;0,00;07/04/2026;;06/05/2026
CLINICA MEDICA PREVENTIVA LTDA;1.524.549;65.938.166/0001-07;899;SUPORTE - XPRISMA;LCT;06/05/2026;13:25:44;ACAO VIA API - Neuroteks<BR>ENVIADO P/ NEUROTEKS<BR><BR> Transferencia de 938 para 928;11 97483-6383;C6BANK;0;0,00;07/04/2026;;06/05/2026
EDSON ALVES NOGUEIRA FILHO NEGOCIOS IMOBILIARIOS L;1.610.573;66.634.608/0001-86;899;SUPORTE - XPRISMA;LCT;06/05/2026;13:27:52;ACAO VIA API - Neuroteks<BR>ENVIADO P/ NEUROTEKS<BR><BR> Transferencia de 938 para 928;11 99774-8511;C6BANK;0;0,00;06/05/2026;;06/05/2026
HX PRO TURBO AUTOMOTIVO LTDA;1.527.251;65.667.601/0001-06;899;SUPORTE - XPRISMA;LCT;06/05/2026;13:32:43;ACAO VIA API - Neuroteks<BR>ENVIADO P/ NEUROTEKS<BR><BR> Transferencia de 938 para 928;11 94751-9939;C6BANK;0;0,00;07/04/2026;;13/03/2026
DOM PATRONI LTDA;1.528.926;65.921.393/0001-11;899;SUPORTE - XPRISMA;LCT;06/05/2026;13:36:30;ACAO VIA API - Neuroteks<BR>ENVIADO P/ NEUROTEKS<BR><BR> Transferencia de 938 para 928;32 98886-8215;C6BANK;0;0,00;07/04/2026;;06/05/2026
VICTORIA OLIVEIRA NASCIMENTO LTDA;1.531.023;65.710.395/0001-61;899;SUPORTE - XPRISMA;LCT;06/05/2026;13:42:33;ACAO VIA API - Neuroteks<BR>ENVIADO P/ NEUROTEKS<BR><BR> Transferencia de 938 para 928;11 95741-7523;C6BANK;0;0,00;07/04/2026;;06/05/2026
GASI SOLUCOES PARA CONSTRUCAO LTDA;1.531.305;65.850.790/0001-40;899;SUPORTE - XPRISMA;LCT;06/05/2026;13:42:57;ACAO VIA API - Neuroteks<BR>ENVIADO P/ NEUROTEKS<BR><BR> Transferencia de 938 para 928;11 99848-3769;C6BANK;0;0,00;07/04/2026;;06/05/2026
CONSULTORIO R&S ODONTOLOGIA INTEGRADA LTDA.;1.531.541;65.840.062/0001-57;899;SUPORTE - XPRISMA;LCT;06/05/2026;13:43:35;ACAO VIA API - Neuroteks<BR>ENVIADO P/ NEUROTEKS<BR><BR> Transferencia de 938 para 928;31 97234-4745;C6BANK;0;0,00;07/04/2026;;06/05/2026
CAMPOS MARCENARIA E PINTURAS LTDA;1.610.750;66.635.785/0001-87;899;SUPORTE - XPRISMA;LCT;06/05/2026;13:48:51;ACAO VIA API - Neuroteks<BR>ENVIADO P/ NEUROTEKS<BR><BR> Transferencia de 938 para 928;11 96338-3516;C6BANK;0;0,00;06/05/2026;;06/05/2026
DRME EVENTOS E HOTELARIA LTDA;1.536.653;65.557.653/0001-11;899;SUPORTE - XPRISMA;LCT;06/05/2026;14:05:39;ACAO VIA API - Neuroteks<BR>ENVIADO P/ NEUROTEKS<BR><BR> Transferencia de 938 para 928;55 99973-1783;C6BANK;0;0,00;07/04/2026;;06/05/2026
INSTITUTO DE UMBANDA CABOCLO VENTANIA E AS AGUAS;1.610.833;66.636.298/0001-39;899;SUPORTE - XPRISMA;LCT;06/05/2026;14:06:25;ACAO VIA API - Neuroteks<BR>ENVIADO P/ NEUROTEKS<BR><BR> Transferencia de 938 para 928;11 98580-7851;C6BANK;0;0,00;06/05/2026;;06/05/2026
DOMINGOS LOGISTICA E TRANSPORTE;1.187.301;64.463.699/0001-09;899;SUPORTE - XPRISMA;LCT;06/05/2026;14:21:06;ACAO VIA API - Neuroteks<BR>ENVIADO P/ NEUROTEKS<BR><BR> Transferencia de 938 para 928;32 99936-0100;C6BANK;0;0,00;14/01/2026;;06/05/2026
F. A. A. DA SILVA RODRIGUES CAFETERIA LTDA;1.611.000;66.637.097/0001-56;899;SUPORTE - XPRISMA;LCT;06/05/2026;14:26:29;ACAO VIA API - Neuroteks<BR>ENVIADO P/ NEUROTEKS<BR><BR> Transferencia de 938 para 928;35 99820-9026;C6BANK;0;0,00;06/05/2026;;06/05/2026
INSTITUTO BRUNA BATISTA LTDA;1.549.744;66.191.885/0001-61;899;SUPORTE - XPRISMA;LCT;06/05/2026;14:35:57;ACAO VIA API - Neuroteks<BR>ENVIADO P/ NEUROTEKS<BR><BR> Transferencia de 938 para 928;61 99602-1424;C6BANK;0;0,00;10/04/2026;;10/04/2026
ROMULO VITAGLIANO SOCIEDADE INDIVIDUAL DE ADVOCACI;1.204.873;64.585.150/0001-97;899;SUPORTE - XPRISMA;LCT;06/05/2026;14:39:37;ACAO VIA API - Neuroteks<BR>ENVIADO P/ NEUROTEKS<BR><BR> Transferencia de 938 para 928;21 99944-6629;C6BANK;0;0,00;19/01/2026;;06/05/2026
ART SIQUEIRA SERVICOS E APOIO ADMINISTRATIVO LTDA;1.611.144;66.637.284/0001-30;899;SUPORTE - XPRISMA;LCT;06/05/2026;14:50:10;ACAO VIA API - Neuroteks<BR>ENVIADO P/ NEUROTEKS<BR><BR> Transferencia de 938 para 928;16 99255-0400;C6BANK;0;0,00;06/05/2026;;06/05/2026
EDENILSON MANOEL FERREIRA RAMOS LTDA;1.565.065;66.294.980/0001-90;899;SUPORTE - XPRISMA;LCT;06/05/2026;15:01:38;ACAO VIA API - Neuroteks<BR>ENVIADO P/ NEUROTEKS<BR><BR> Transferencia de 938 para 928;47 99777-2549;C6BANK;0;0,00;16/04/2026;;13/04/2026
S LEANDRO DE SOUSA LTDA;1.414.715;65.436.542/0001-57;899;SUPORTE - XPRISMA;LCT;06/05/2026;15:17:13;ACAO VIA API - Neuroteks<BR>ENVIADO P/ NEUROTEKS<BR><BR> Transferencia de 938 para 928;99 98160-2605;C6BANK;0;0,00;03/03/2026;;06/05/2026
ATAIDE ADAM ENGENHARIA LTDA;1.611.529;66.640.174/0001-27;899;SUPORTE - XPRISMA;LCT;06/05/2026;15:41:20;ACAO VIA API - Neuroteks<BR>ENVIADO P/ NEUROTEKS<BR><BR> Transferencia de 938 para 928;71 99320-7431;C6BANK;0;0,00;06/05/2026;;7112000
M ROCCI HOLDING PATRIMONIAL LTDA;1.515.402;66.082.172/0001-60;899;SUPORTE - XPRISMA;LCT;06/05/2026;15:43:02;ACAO VIA API - Neuroteks<BR>ENVIADO P/ NEUROTEKS<BR><BR> Transferencia de 938 para 928;16 99234-3976;C6BANK;0;0,00;07/04/2026;;06/05/2026
AJA REPRESENTACAO COMERCIAL LTDA;1.255.932;64.798.301/0001-95;899;SUPORTE - XPRISMA;LCT;06/05/2026;15:47:20;ACAO VIA API - Neuroteks<BR>ENVIADO P/ NEUROTEKS<BR><BR> Transferencia de 938 para 928;21 96469-5438;C6BANK;0;0,00;30/01/2026;;06/05/2026
MENDONCA SERVICOS INTEGRADOS LTDA;1.519.976;66.013.729/0001-00;899;SUPORTE - XPRISMA;LCT;06/05/2026;15:48:42;ACAO VIA API - Neuroteks<BR>ENVIADO P/ NEUROTEKS<BR><BR> Transferencia de 938 para 928;62 98546-8350;C6BANK;0;0,00;07/04/2026;;06/05/2026
DCJ ENT LTDA;1.521.115;65.583.782/0001-84;899;SUPORTE - XPRISMA;LCT;06/05/2026;15:50:12;ACAO VIA API - Neuroteks<BR>ENVIADO P/ NEUROTEKS<BR><BR> Transferencia de 938 para 928;11 94717-2478;C6BANK;0;0,00;07/04/2026;;06/05/2026
PMRB SERVICOS ADMINISTRATIVOS LTDA;1.526.057;65.712.704/0001-32;899;SUPORTE - XPRISMA;LCT;06/05/2026;15:56:24;ACAO VIA API - Neuroteks<BR>ENVIADO P/ NEUROTEKS<BR><BR> Transferencia de 938 para 928;11 96975-0835;C6BANK;0;0,00;07/04/2026;;06/05/2026
LOA CONSTRUTORA LTDA;1.530.423;65.754.094/0001-30;899;SUPORTE - XPRISMA;LCT;06/05/2026;16:02:11;ACAO VIA API - Neuroteks<BR>ENVIADO P/ NEUROTEKS<BR><BR> Transferencia de 938 para 928;65 99282-8221;C6BANK;0;0,00;07/04/2026;;06/05/2026
PEQUENA ESTRELINHA EM SEGURANCA DO TRABALHO LTDA;1.532.174;65.975.305/0001-64;899;SUPORTE - XPRISMA;LCT;06/05/2026;16:04:17;ACAO VIA API - Neuroteks<BR>ENVIADO P/ NEUROTEKS<BR><BR> Transferencia de 938 para 928;54 99976-2731;C6BANK;0;0,00;07/04/2026;;06/05/2026
BIZETTO E MORAES LTDA;1.534.972;65.738.681/0001-35;899;SUPORTE - XPRISMA;LCT;06/05/2026;16:07:32;ACAO VIA API - Neuroteks<BR>ENVIADO P/ NEUROTEKS<BR><BR> Transferencia de 938 para 928;11 96844-0870;C6BANK;0;0,00;07/04/2026;;06/05/2026
MFL ASSESSORIA LTDA;1.585.925;66.468.004/0001-07;899;SUPORTE - XPRISMA;LCT;06/05/2026;16:07:37;ACAO VIA API - Neuroteks<BR>ENVIADO P/ NEUROTEKS<BR><BR> Transferencia de 938 para 928;48 98470-5614;C6BANK;0;0,00;27/04/2026;;06/05/2026
S&P EMPREENDIMENTOS IMOBILIARIOS SPE LTDA;1.536.633;65.647.492/0001-57;899;SUPORTE - XPRISMA;LCT;06/05/2026;16:09:17;ACAO VIA API - Neuroteks<BR>ENVIADO P/ NEUROTEKS<BR><BR> Transferencia de 938 para 928;49 99935-0505;C6BANK;0;0,00;07/04/2026;;06/05/2026
BAR E BILHAR GAUCHINHO LTDA;1.537.093;65.839.816/0001-59;899;SUPORTE - XPRISMA;LCT;06/05/2026;16:09:42;ACAO VIA API - Neuroteks<BR>ENVIADO P/ NEUROTEKS<BR><BR> Transferencia de 938 para 928;16 99406-2274;C6BANK;0;0,00;07/04/2026;;06/05/2026
MATEUS RAMOS RODRIGUES SERVICOS MEDICOS LTDA;1.287.614;64.315.964/0001-01;899;SUPORTE - XPRISMA;LCT;06/05/2026;16:12:45;ACAO VIA API - Neuroteks<BR>ENVIADO P/ NEUROTEKS<BR><BR> Transferencia de 938 para 928;18 99152-9611;C6BANK;0;0,00;05/02/2026;;06/05/2026
K. C. DEMETI SERVICOS LTDA;1.590.990;66.500.803/0001-13;899;SUPORTE - XPRISMA;LCT;06/05/2026;16:14:34;ACAO VIA API - Neuroteks<BR>ENVIADO P/ NEUROTEKS<BR><BR> Transferencia de 938 para 928;16 99755-5820;C6BANK;0;0,00;28/04/2026;;06/05/2026
ASSOCIACAO ESPORTIVA OMEGA VOLEI;1.611.798;66.641.315/0001-26;899;SUPORTE - XPRISMA;LCT;06/05/2026;16:16:41;ACAO VIA API - Neuroteks<BR>ENVIADO P/ NEUROTEKS<BR><BR> Transferencia de 938 para 928;64 99309-0475;C6BANK;0;0,00;06/05/2026;;06/05/2026
VISTA SALVADOR NORTE;1.294.165;64.989.636/0001-90;899;SUPORTE - XPRISMA;LCT;06/05/2026;16:16:53;ACAO VIA API - Neuroteks<BR>ENVIADO P/ NEUROTEKS<BR><BR> Transferencia de 938 para 928;71 99297-0985;C6BANK;0;0,00;06/02/2026;;06/05/2026
ESCRITORIO STEL LANT IS BR LTDA;1.548.223;66.183.466/0001-88;899;SUPORTE - XPRISMA;LCT;06/05/2026;16:17:32;ACAO VIA API - Neuroteks<BR>ENVIADO P/ NEUROTEKS<BR><BR> Transferencia de 938 para 928;51 99392-1333;C6BANK;0;0,00;10/04/2026;;06/05/2026
GS UNIAO TINTAS LTDA;1.553.596;66.222.739/0001-56;899;SUPORTE - XPRISMA;LCT;06/05/2026;16:20:39;ACAO VIA API - Neuroteks<BR>ENVIADO P/ NEUROTEKS<BR><BR> Transferencia de 938 para 928;16 98174-0468;C6BANK;0;0,00;13/04/2026;;06/05/2026
ASSOCIACAO COMUNITARIA DE DEGREDO - ACODE;1.336.874;65.271.554/0001-79;899;SUPORTE - XPRISMA;LCT;06/05/2026;16:21:24;ACAO VIA API - Neuroteks<BR>ENVIADO P/ NEUROTEKS<BR><BR> Transferencia de 938 para 928;27 99841-3866;C6BANK;0;0,00;23/02/2026;;06/05/2026
CINTIA FRANCIOLLI KOLINSQUE E OUTRO;1.357.969;64.706.101/0001-65;899;SUPORTE - XPRISMA;LCT;06/05/2026;16:22:46;ACAO VIA API - Neuroteks<BR>ENVIADO P/ NEUROTEKS<BR><BR> Transferencia de 938 para 928;14 99131-5213;C6BANK;0;0,00;01/03/2026;;06/05/2026
SHOW LAVA CAR LTDA;1.562.968;66.281.144/0001-71;899;SUPORTE - XPRISMA;LCT;06/05/2026;16:24:11;ACAO VIA API - Neuroteks<BR>ENVIADO P/ NEUROTEKS<BR><BR> Transferencia de 938 para 928;43 98870-5591;C6BANK;0;0,00;15/04/2026;;06/05/2026
A BOTELHO COMERCIAL E SERVICOS DE REFRIGERACAO LTD;1.566.933;66.304.785/0001-02;899;SUPORTE - XPRISMA;LCT;06/05/2026;16:26:31;ACAO VIA API - Neuroteks<BR>ENVIADO P/ NEUROTEKS<BR><BR> Transferencia de 938 para 928;61 99558-4731;C6BANK;0;0,00;16/04/2026;;06/05/2026
SUPERMERCADO DUAS IRMAS LTDA;1.601.336;66.574.200/0001-66;899;SUPORTE - XPRISMA;LCT;06/05/2026;16:28:00;ACAO VIA API - Neuroteks<BR>ENVIADO P/ NEUROTEKS<BR><BR> Transferencia de 938 para 928;63 99139-6580;C6BANK;0;0,00;04/05/2026;;06/05/2026
CONSTRUMAIS CONSTRUCOES LTDA;1.580.361;66.428.134/0001-16;899;SUPORTE - XPRISMA;LCT;06/05/2026;16:29:58;ACAO VIA API - Neuroteks<BR>ENVIADO P/ NEUROTEKS<BR><BR> Transferencia de 938 para 928;64 99616-1115;C6BANK;0;0,00;24/04/2026;;06/05/2026
IMPACTO LTDA;1.381.816;64.781.748/0001-51;899;SUPORTE - XPRISMA;LCT;06/05/2026;16:30:34;ACAO VIA API - Neuroteks<BR>ENVIADO P/ NEUROTEKS<BR><BR> Transferencia de 938 para 928;27 99649-8609;C6BANK;0;0,00;01/03/2026;;06/05/2026
CARMELO LOCACOES LTDA;1.597.352;66.536.594/0001-68;899;SUPORTE - XPRISMA;LCT;06/05/2026;16:31:25;ACAO VIA API - Neuroteks<BR>ENVIADO P/ NEUROTEKS<BR><BR> Transferencia de 938 para 928;27 99910-2028;C6BANK;0;0,00;30/04/2026;;06/05/2026
HARAS HBR LTDA;1.468.414;65.778.922/0001-70;899;SUPORTE - XPRISMA;LCT;06/05/2026;16:33:56;ACAO VIA API - Neuroteks<BR>ENVIADO P/ NEUROTEKS<BR><BR> Transferencia de 938 para 928;62 98254-4427;C6BANK;0;0,00;19/03/2026;;06/05/2026
FEDERACAO MARANHENSE DE MUAYTHAI;1.474.256;65.810.494/0001-15;899;SUPORTE - XPRISMA;LCT;06/05/2026;16:34:02;ACAO VIA API - Neuroteks<BR>ENVIADO P/ NEUROTEKS<BR><BR> Transferencia de 938 para 928;98 98863-3921;C6BANK;0;0,00;20/03/2026;;06/05/2026
R. ALVES MANGANARO LTDA;1.600.266;66.553.451/0001-64;899;SUPORTE - XPRISMA;LCT;06/05/2026;16:37:49;ACAO VIA API - Neuroteks<BR>ENVIADO P/ NEUROTEKS<BR><BR> Transferencia de 938 para 928;66 99999-0606;C6BANK;0;0,00;01/05/2026;;06/05/2026
EUROVILLE MARKET LTDA;1.589.640;66.494.694/0001-79;899;SUPORTE - XPRISMA;LCT;06/05/2026;16:38:09;ACAO VIA API - Neuroteks<BR>ENVIADO P/ NEUROTEKS<BR><BR> Transferencia de 938 para 928;62 99409-9974;C6BANK;0;0,00;28/04/2026;;28/04/2026
E. BIRAO MARTINS LTDA;1.588.770;66.491.391/0001-00;899;SUPORTE - XPRISMA;LCT;06/05/2026;16:38:42;ACAO VIA API - Neuroteks<BR>ENVIADO P/ NEUROTEKS<BR><BR> Transferencia de 938 para 928;51 99569-2516;C6BANK;0;0,00;28/04/2026;;06/05/2026
ALPHA LUX AUTOMACAO E ELETRICA LTDA;1.611.982;66.642.145/0001-02;899;SUPORTE - XPRISMA;LCT;06/05/2026;16:38:51;ACAO VIA API - Neuroteks<BR>ENVIADO P/ NEUROTEKS<BR><BR> Transferencia de 938 para 928;27 99703-5327;C6BANK;0;0,00;06/05/2026;;06/05/2026
R. ALVES MANGANARO LTDA;1.600.266;66.553.451/0001-64;899;SUPORTE - XPRISMA;LCT;06/05/2026;16:41:53;ACAO VIA API - Neuroteks<BR>ENVIADO P/ NEUROTEKS<BR><BR> Transferencia de 938 para 928;66 99999-0606;C6BANK;0;0,00;01/05/2026;;06/05/2026
J. EDUARDA JESUS FERREIRA LTDA;1.605.457;66.602.809/0001-00;899;SUPORTE - XPRISMA;LCT;06/05/2026;16:44:38;ACAO VIA API - Neuroteks<BR>ENVIADO P/ NEUROTEKS<BR><BR> Transferencia de 938 para 928;61 98548-9455;C6BANK;0;0,00;05/05/2026;;06/05/2026
GEAP AUTOGEST CAIX ASSIST LTDA;1.604.407;66.594.641/0001-20;899;SUPORTE - XPRISMA;LCT;06/05/2026;16:45:08;ACAO VIA API - Neuroteks<BR>ENVIADO P/ NEUROTEKS<BR><BR> Transferencia de 938 para 928;11 96722-5811;C6BANK;0;0,00;04/05/2026;;04/05/2026
I SUSHMESQUITA RESTAURANTE JAPONES LTDA;1.612.006;66.642.309/0001-93;899;SUPORTE - XPRISMA;LCT;06/05/2026;16:47:02;ACAO VIA API - Neuroteks<BR>ENVIADO P/ NEUROTEKS<BR><BR> Transferencia de 938 para 928;11 98243-1364;C6BANK;0;0,00;06/05/2026;;06/05/2026
KLEBER GONCALVES LTDA;1.605.225;66.601.306/0001-01;899;SUPORTE - XPRISMA;LCT;06/05/2026;16:50:41;ACAO VIA API - Neuroteks<BR>ENVIADO P/ NEUROTEKS<BR><BR> Transferencia de 938 para 928;13 99193-0475;C6BANK;0;0,00;05/05/2026;;27/04/2026
MALHARIA BOMFIM LTDA;1.604.621;66.598.090/0001-72;899;SUPORTE - XPRISMA;LCT;06/05/2026;16:50:52;ACAO VIA API - Neuroteks<BR>ENVIADO P/ NEUROTEKS<BR><BR> Transferencia de 938 para 928;99 98181-3306;C6BANK;0;0,00;05/05/2026;;06/05/2026
ALINE KELLY PODOLOGIA LTDA;1.608.727;66.624.532/0001-08;899;SUPORTE - XPRISMA;LCT;06/05/2026;16:52:03;ACAO VIA API - Neuroteks<BR>ENVIADO P/ NEUROTEKS<BR><BR> Transferencia de 938 para 928;31 99576-7829;C6BANK;0;0,00;06/05/2026;;8690904
A. Z. INOX MONTAGEM E MANUTENCAO INDUSTRIAL LTDA;1.421.648;65.477.435/0001-77;899;SUPORTE - XPRISMA;LCT;06/05/2026;16:56:40;ACAO VIA API - Neuroteks<BR>ENVIADO P/ NEUROTEKS<BR><BR> Transferencia de 938 para 928;27 99911-8048;C6BANK;0;0,00;04/03/2026;;06/05/2026
AUTO ELETRICA E MECANICA DO JONATHAN LTDA;1.516.612;66.015.068/0001-52;899;SUPORTE - XPRISMA;LCT;06/05/2026;16:58:53;ACAO VIA API - Neuroteks<BR>ENVIADO P/ NEUROTEKS<BR><BR> Transferencia de 938 para 928;31 99401-6972;C6BANK;0;0,00;07/04/2026;;06/05/2026
GABRIEL DE MOURA GOMES LTDA;1.424.987;65.500.875/0001-06;899;SUPORTE - XPRISMA;LCT;06/05/2026;17:01:08;ACAO VIA API - Neuroteks<BR>ENVIADO P/ NEUROTEKS<BR><BR> Transferencia de 938 para 928;15 98801-6751;C6BANK;0;0,00;05/03/2026;;06/05/2026
TAMELINI & FICHE CONSULTORIA LTDA;1.520.752;65.893.709/0001-09;899;SUPORTE - XPRISMA;LCT;06/05/2026;17:03:23;ACAO VIA API - Neuroteks<BR>ENVIADO P/ NEUROTEKS<BR><BR> Transferencia de 938 para 928;11 99202-1521;C6BANK;0;0,00;07/04/2026;;06/05/2026
RB SOLUCOES ADMINISTRATIVAS LTDA;1.524.755;65.904.991/0001-82;899;SUPORTE - XPRISMA;LCT;06/05/2026;17:06:17;ACAO VIA API - Neuroteks<BR>ENVIADO P/ NEUROTEKS<BR><BR> Transferencia de 938 para 928;17 99219-7299;C6BANK;0;0,00;07/04/2026;;06/05/2026
3 MENINAS LTDA;1.430.059;65.545.430/0001-34;899;SUPORTE - XPRISMA;LCT;06/05/2026;17:10:29;ACAO VIA API - Neuroteks<BR>ENVIADO P/ NEUROTEKS<BR><BR> Transferencia de 938 para 928;33 98888-5231;C6BANK;0;0,00;07/03/2026;;06/03/2026
P2 MOTORS LTDA;1.612.143;66.642.914/0001-64;899;SUPORTE - XPRISMA;LCT;06/05/2026;17:15:03;ACAO VIA API - Neuroteks<BR>ENVIADO P/ NEUROTEKS<BR><BR> Transferencia de 938 para 928;61 99859-9660;C6BANK;0;0,00;06/05/2026;;06/05/2026
CARLOS AUGUSTO RENCK BRUFATTO LTDA;1.536.622;65.566.129/0001-07;899;SUPORTE - XPRISMA;LCT;06/05/2026;17:15:36;ACAO VIA API - Neuroteks<BR>ENVIADO P/ NEUROTEKS<BR><BR> Transferencia de 938 para 928;67 98478-7697;C6BANK;0;0,00;07/04/2026;;06/05/2026
BARRACA ATLANTICA PONTO DOIS LTDA;1.565.432;66.296.826/0001-58;899;SUPORTE - XPRISMA;LCT;06/05/2026;17:26:34;ACAO VIA API - Neuroteks<BR>ENVIADO P/ NEUROTEKS<BR><BR> Transferencia de 938 para 928;73 99805-9679;C6BANK;0;0,00;16/04/2026;;06/05/2026
DESMONTE JA AUTO PECAS LTDA;1.450.289;65.664.305/0001-43;899;SUPORTE - XPRISMA;LCT;06/05/2026;17:38:00;ACAO VIA API - Neuroteks<BR>ENVIADO P/ NEUROTEKS<BR><BR> Transferencia de 938 para 928;11 99636-9715;C6BANK;0;0,00;13/03/2026;;06/05/2026
TC MANUTENCOES LTDA;1.501.901;66.058.956/0001-52;899;SUPORTE - XPRISMA;LCT;06/05/2026;17:41:28;ACAO VIA API - Neuroteks<BR>ENVIADO P/ NEUROTEKS<BR><BR> Transferencia de 938 para 928;51 99922-9923;C6BANK;0;0,00;02/04/2026;;06/05/2026
SPE URBEN 24 DESENVOLVIMENTO IMOBILIARIO LTDA;1.512.191;65.902.907/0001-91;899;SUPORTE - XPRISMA;LCT;06/05/2026;17:47:18;ACAO VIA API - Neuroteks<BR>ENVIADO P/ NEUROTEKS<BR><BR> Transferencia de 938 para 928;16 99362-4914;C6BANK;0;0,00;07/04/2026;;06/05/2026
ST. MICHEL CORPORATE SOLUTIONS LTDA;1.514.093;65.725.826/0001-63;899;SUPORTE - XPRISMA;LCT;06/05/2026;17:48:16;ACAO VIA API - Neuroteks<BR>ENVIADO P/ NEUROTEKS<BR><BR> Transferencia de 938 para 928;41 99652-1257;C6BANK;0;0,00;07/04/2026;;06/05/2026
PMGL MARMORE E GRANITO LTDA;1.519.720;66.022.985/0001-64;899;SUPORTE - XPRISMA;LCT;06/05/2026;17:52:38;ACAO VIA API - Neuroteks<BR>ENVIADO P/ NEUROTEKS<BR><BR> Transferencia de 938 para 928;11 97996-2984;C6BANK;0;0,00;07/04/2026;;06/05/2026
ACONCHEGO COLCHOES SAO LEOPOLDO LTDA;1.525.720;65.751.469/0001-08;899;SUPORTE - XPRISMA;LCT;06/05/2026;17:57:33;ACAO VIA API - Neuroteks<BR>ENVIADO P/ NEUROTEKS<BR><BR> Transferencia de 938 para 928;51 3572-6754;C6BANK;0;0,00;07/04/2026;;06/05/2026
ANGELA MARIA SACATO BELINI LTDA;1.528.749;65.972.237/0001-80;899;SUPORTE - XPRISMA;LCT;06/05/2026;17:59:45;ACAO VIA API - Neuroteks<BR>ENVIADO P/ NEUROTEKS<BR><BR> Transferencia de 938 para 928;16 99975-1511;C6BANK;0;0,00;07/04/2026;;06/05/2026
ROCHA OLIVEIRA GESTAO CONTABIL LTDA;1.612.358;66.644.744/0001-57;899;SUPORTE - XPRISMA;LCT;07/05/2026;08:25:23;ACAO VIA API - Neuroteks<BR>ENVIADO P/ NEUROTEKS<BR><BR> Transferencia de 938 para 928;44 99916-3365;C6BANK;0;0,00;06/05/2026;;6920601
GOMES & SILVA ENGENHARIA LTDA;1.612.416;66.645.328/0001-73;899;SUPORTE - XPRISMA;LCT;07/05/2026;08:35:34;ACAO VIA API - Neuroteks<BR>ENVIADO P/ NEUROTEKS<BR><BR> Transferencia de 938 para 928;21 96448-3358;C6BANK;0;0,00;06/05/2026;;7112000
DS INTERMEDIACOES DE NEGOCIOS LTDA;1.612.347;66.644.651/0001-22;899;SUPORTE - XPRISMA;LCT;07/05/2026;08:55:30;ACAO VIA API - Neuroteks<BR>ENVIADO P/ NEUROTEKS<BR><BR> Transferencia de 938 para 928;41 99873-4306;C6BANK;0;0,00;06/05/2026;;7490104
DAMIANE DZIELINSKI SOCIEDADE INDIVIDUAL DE ADVOCACIA;1.612.595;66.647.681/0001-92;899;SUPORTE - XPRISMA;LCT;07/05/2026;09:01:55;ACAO VIA API - Neuroteks<BR>ENVIADO P/ NEUROTEKS<BR><BR> Transferencia de 938 para 928;51 99796-0087;C6BANK;0;0,00;06/05/2026;;6911701
BELLA PIZZARIA DA PRACA LTDA;1.613.246;66.651.700/0001-54;899;SUPORTE - XPRISMA;LCT;07/05/2026;09:26:43;ACAO VIA API - Neuroteks<BR>ENVIADO P/ NEUROTEKS<BR><BR> Transferencia de 938 para 928;11 96432-9251;C6BANK;0;0,00;07/05/2026;;5611201
PONTES & PONTES LTDA;1.613.314;66.651.627/0001-10;899;SUPORTE - XPRISMA;LCT;07/05/2026;09:30:35;ACAO VIA API - Neuroteks<BR>ENVIADO P/ NEUROTEKS<BR><BR> Transferencia de 938 para 928;43 99671-0215;C6BANK;0;0,00;07/05/2026;;4399103
EZEQUIEL PEREIRA DOS SANTOS E OUTRA;1.613.265;66.651.766/0001-44;899;SUPORTE - XPRISMA;LCT;07/05/2026;09:30:35;ACAO VIA API - Neuroteks<BR>ENVIADO P/ NEUROTEKS<BR><BR> Transferencia de 938 para 928;15 99705-3029;C6BANK;0;0,00;07/05/2026;;121101
ATACADAO DAS FRALDAS LTDA;1.610.003;66.631.350/0001-64;899;SUPORTE - XPRISMA;LCT;07/05/2026;09:40:47;ACAO VIA API - Neuroteks<BR>ENVIADO P/ NEUROTEKS<BR><BR> Transferencia de 938 para 928;61 99554-6869;C6BANK;0;0,00;06/05/2026;;4772500
UPSERVICE MANUTENCAO E REPARO LTDA;1.610.858;66.636.450/0001-83;899;SUPORTE - XPRISMA;LCT;07/05/2026;09:41:09;ACAO VIA API - Neuroteks<BR>ENVIADO P/ NEUROTEKS<BR><BR> Transferencia de 938 para 928;71 99735-6057;C6BANK;0;0,00;06/05/2026;;3314708
L. BRUN UNIFORMES LTDA;1.609.170;66.626.696/0001-74;899;SUPORTE - XPRISMA;LCT;07/05/2026;09:41:58;ACAO VIA API - Neuroteks<BR>ENVIADO P/ NEUROTEKS<BR><BR> Transferencia de 938 para 928;21 96481-5182;C6BANK;0;0,00;06/05/2026;;7810800
F2 MARMORES E GRANITOS LTDA;1.043.370;64.292.688/0001-03;899;SUPORTE - XPRISMA;LCT;07/05/2026;10:04:27;ACAO VIA API - Neuroteks<BR>ENVIADO P/ NEUROTEKS<BR><BR> Transferencia de 938 para 928;47 99661-1937;C6BANK;0;0,00;06/01/2026;;18/12/2025
REVIVA PILATES E FISIOTERAPIA LTDA.;1.092.409;58.860.171/0001-70;899;SUPORTE - XPRISMA;LCT;07/05/2026;10:15:08;ACAO VIA API - Neuroteks<BR>ENVIADO P/ NEUROTEKS<BR><BR> Transferencia de 938 para 928;31 98419-0112;C6BANK;0;0,00;09/01/2026;;14/01/2025
SERRA DELIVERY PIZZARIA LTDA;1.613.647;66.653.629/0001-49;899;SUPORTE - XPRISMA;LCT;07/05/2026;10:18:43;ACAO VIA API - Neuroteks<BR>ENVIADO P/ NEUROTEKS<BR><BR> Transferencia de 938 para 928;54 99344-6006;C6BANK;0;0,00;07/05/2026;;5620104
PRIME LAVAGEM A VAPOR LTDA;1.607.926;66.617.215/0001-64;899;SUPORTE - XPRISMA;LCT;07/05/2026;10:21:37;ACAO VIA API - Neuroteks<BR>ENVIADO P/ NEUROTEKS<BR><BR> Transferencia de 938 para 928;51 99763-9425;C6BANK;0;0,00;05/05/2026;;4520005
CGC PARTICIPACOES LTDA;1.156.315;63.786.014/0001-00;899;SUPORTE - XPRISMA;LCT;07/05/2026;10:21:44;ACAO VIA API - Neuroteks<BR>ENVIADO P/ NEUROTEKS<BR><BR> Transferencia de 938 para 928;11 93290-7709;C6BANK;0;0,00;09/01/2026;;24/11/2025
FARMACIA SOS SAUDE LTDA;1.613.689;66.653.465/0001-50;899;SUPORTE - XPRISMA;LCT;07/05/2026;10:23:22;ACAO VIA API - Neuroteks<BR>ENVIADO P/ NEUROTEKS<BR><BR> Transferencia de 938 para 928;81 99570-7320;C6BANK;0;0,00;07/05/2026;;4771701
LUCIANO ANDREOLA MULLER LTDA;1.209.085;64.612.424/0001-90;899;SUPORTE - XPRISMA;LCT;07/05/2026;10:29:44;ACAO VIA API - Neuroteks<BR>ENVIADO P/ NEUROTEKS<BR><BR> Transferencia de 938 para 928;65 98123-4280;C6BANK;0;0,00;20/01/2026;;20/01/2026
GONCALVES ADMINISTRADORA DE BENS LTDA;1.228.255;64.722.423/0001-06;899;SUPORTE - XPRISMA;LCT;07/05/2026;10:33:25;ACAO VIA API - Neuroteks<BR>ENVIADO P/ NEUROTEKS<BR><BR> Transferencia de 938 para 928;81 98174-6664;C6BANK;0;0,00;26/01/2026;;23/01/2026
BRUNA RAMALHO CAVALCANTE BRC CONSULTORIA IMOBILIARIA LTDA;1.252.484;64.781.392/0001-56;899;SUPORTE - XPRISMA;LCT;07/05/2026;10:35:03;ACAO VIA API - Neuroteks<BR>ENVIADO P/ NEUROTEKS<BR><BR> Transferencia de 938 para 928;27 99744-2589;C6BANK;0;0,00;29/01/2026;;29/01/2026
WM CONTABILIDADE DIGITAL LTDA;1.258.815;64.825.570/0001-01;899;SUPORTE - XPRISMA;LCT;07/05/2026;10:36:32;ACAO VIA API - Neuroteks<BR>ENVIADO P/ NEUROTEKS<BR><BR> Transferencia de 938 para 928;79 99978-1486;C6BANK;0;0,00;31/01/2026;;07/01/2026
EMBELEZE BAZAR E COSMETICOS LTDA;1.601.349;66.574.579/0001-04;899;SUPORTE - XPRISMA;LCT;07/05/2026;10:45:59;ACAO VIA API - Neuroteks<BR>ENVIADO P/ NEUROTEKS<BR><BR> Transferencia de 938 para 928;51 98926-1722;C6BANK;0;0,00;04/05/2026;;04/05/2026
RONALDO FELIX PEDRO LTDA;1.608.832;66.625.228/0001-85;899;SUPORTE - XPRISMA;LCT;07/05/2026;10:47:03;ACAO VIA API - Neuroteks<BR>ENVIADO P/ NEUROTEKS<BR><BR> Transferencia de 938 para 928;17 99613-1493;C6BANK;0;0,00;06/05/2026;;8130300
ASSEMBLEIA DE DEUS MINISTERIO RIO DO OURO;1.609.842;66.630.622/0001-01;899;SUPORTE - XPRISMA;LCT;07/05/2026;10:48:47;ACAO VIA API - Neuroteks<BR>ENVIADO P/ NEUROTEKS<BR><BR> Transferencia de 938 para 928;21 98941-4483;C6BANK;0;0,00;06/05/2026;;9491000
ETHOS SEGURANCA E MEDICINA DO TRABALHO LTDA;1.344.803;65.319.629/0001-44;899;SUPORTE - XPRISMA;LCT;07/05/2026;10:56:42;ACAO VIA API - Neuroteks<BR>ENVIADO P/ NEUROTEKS<BR><BR> Transferencia de 938 para 928;83 99988-9500;C6BANK;0;0,00;25/02/2026;;24/02/2026
LAMANI GESTAO E SERVICOS LTDA;1.362.972;64.969.342/0001-05;899;SUPORTE - XPRISMA;LCT;07/05/2026;11:00:20;ACAO VIA API - Neuroteks<BR>ENVIADO P/ NEUROTEKS<BR><BR> Transferencia de 938 para 928;11 91319-9494;C6BANK;0;0,00;01/03/2026;;04/02/2026
SOL PARTICIPACOES LTDA;1.387.433;62.739.422/0001-30;899;SUPORTE - XPRISMA;LCT;07/05/2026;11:02:33;ACAO VIA API - Neuroteks<BR>ENVIADO P/ NEUROTEKS<BR><BR> Transferencia de 938 para 928;11 99515-9152;C6BANK;0;0,00;01/03/2026;;16/09/2025
2CONNECT MANUTENCAO E INFORMATICA LTDA;1.388.923;62.579.556/0001-31;899;SUPORTE - XPRISMA;LCT;07/05/2026;11:02:47;ACAO VIA API - Neuroteks<BR>ENVIADO P/ NEUROTEKS<BR><BR> Transferencia de 938 para 928;17 98818-8851;C6BANK;0;0,00;01/03/2026;;05/09/2025
AVILA MATERIAIS DE CONSTRUCAO LTDA;1.390.502;62.839.306/0001-93;899;SUPORTE - XPRISMA;LCT;07/05/2026;11:02:51;ACAO VIA API - Neuroteks<BR>ENVIADO P/ NEUROTEKS<BR><BR> Transferencia de 938 para 928;31 99837-7641;C6BANK;0;0,00;01/03/2026;;22/09/2025
PET LOVING ESTETICA LTDA;1.513.701;65.850.843/0001-22;899;SUPORTE - XPRISMA;LCT;07/05/2026;11:20:53;ACAO VIA API - Neuroteks<BR>ENVIADO P/ NEUROTEKS<BR><BR> Transferencia de 938 para 928;11 94788-0976;C6BANK;0;0,00;07/04/2026;;17/03/2026
A & S LOCACOES LTDA;1.520.696;65.913.627/0001-89;899;SUPORTE - XPRISMA;LCT;07/05/2026;11:24:23;ACAO VIA API - Neuroteks<BR>ENVIADO P/ NEUROTEKS<BR><BR> Transferencia de 938 para 928;15 99638-5153;C6BANK;0;0,00;07/04/2026;;20/03/2026
ROSEILTON DOS SANTOS DA CONCEICAO;1.536.234;65.903.292/0001-18;899;SUPORTE - XPRISMA;LCT;07/05/2026;11:32:08;ACAO VIA API - Neuroteks<BR>ENVIADO P/ NEUROTEKS<BR><BR> Transferencia de 938 para 928;14 99899-5667;C6BANK;0;0,00;07/04/2026;;01/03/2026
AQUASUN PISCINAS LTDA;1.545.366;66.165.634/0001-02;899;SUPORTE - XPRISMA;LCT;07/05/2026;11:34:47;ACAO VIA API - Neuroteks<BR>ENVIADO P/ NEUROTEKS<BR><BR> Transferencia de 938 para 928;61 99881-5994;C6BANK;0;0,00;09/04/2026;;08/04/2026
WILLY MOVEIS PLANEJADOS LTDA;1.550.400;66.195.039/0001-10;899;SUPORTE - XPRISMA;LCT;07/05/2026;11:34:55;ACAO VIA API - Neuroteks<BR>ENVIADO P/ NEUROTEKS<BR><BR> Transferencia de 938 para 928;33 99825-1238;C6BANK;0;0,00;10/04/2026;;10/04/2026
MERCADINHO PRECO BAIXO LTDA;1.555.977;66.238.358/0001-65;899;SUPORTE - XPRISMA;LCT;07/05/2026;11:37:09;ACAO VIA API - Neuroteks<BR>ENVIADO P/ NEUROTEKS<BR><BR> Transferencia de 938 para 928;75 98320-4380;C6BANK;0;0,00;13/04/2026;;13/04/2026
JJR CONSTRUCAO A SECO LTDA;1.595.897;66.527.785/0001-63;899;SUPORTE - XPRISMA;LCT;07/05/2026;11:44:14;ACAO VIA API - Neuroteks<BR>ENVIADO P/ NEUROTEKS<BR><BR> Transferencia de 938 para 928;84 99658-6650;C6BANK;0;0,00;29/04/2026;;29/04/2026
ANDRE AVELAR SERVICOS LTDA;1.141.855;63.940.584/0001-03;899;SUPORTE - XPRISMA;LCT;07/05/2026;11:54:29;ACAO VIA API - Neuroteks<BR>ENVIADO P/ NEUROTEKS<BR><BR> Transferencia de 938 para 928;44 98859-2404;C6BANK;0;0,00;09/01/2026;;04/12/2025
POCREMAX CONSULTORIA IMOBILIARIA E FINANCEIRA LTDA;1.219.432;64.673.273/0001-80;899;SUPORTE - XPRISMA;LCT;07/05/2026;11:59:15;ACAO VIA API - Neuroteks<BR>ENVIADO P/ NEUROTEKS<BR><BR> Transferencia de 938 para 928;47 99258-1968;C6BANK;0;0,00;23/01/2026;;22/01/2026
PATTRI CONSULTORIA CONTABIL LTDA;1.267.881;64.916.897/0001-80;899;SUPORTE - XPRISMA;LCT;07/05/2026;12:02:02;ACAO VIA API - Neuroteks<BR>ENVIADO P/ NEUROTEKS<BR><BR> Transferencia de 938 para 928;11 99939-0836;C6BANK;0;0,00;04/02/2026;;02/02/2026
CLUBE ELO EDUCACAO, SAUDE E PROJETOS INTERDISCIPLINARES LTDA;1.295.500;65.009.879/0001-88;899;SUPORTE - XPRISMA;LCT;07/05/2026;12:03:35;ACAO VIA API - Neuroteks<BR>ENVIADO P/ NEUROTEKS<BR><BR> Transferencia de 938 para 928;85 98131-9891;C6BANK;0;0,00;09/02/2026;;09/02/2026
EMILLY ALVES PASQUALETO COMERCIO DE EMBALAGENS LTDA;1.305.942;65.072.549/0001-37;899;SUPORTE - XPRISMA;LCT;07/05/2026;12:04:29;ACAO VIA API - Neuroteks<BR>ENVIADO P/ NEUROTEKS<BR><BR> Transferencia de 938 para 928;62 99107-1526;C6BANK;0;0,00;11/02/2026;;09/02/2026
SUINO E CIA BRASIL LTDA;1.340.830;65.296.382/0001-98;899;SUPORTE - XPRISMA;LCT;07/05/2026;12:08:12;ACAO VIA API - Neuroteks<BR>ENVIADO P/ NEUROTEKS<BR><BR> Transferencia de 938 para 928;67 99631-5119;C6BANK;0;0,00;24/02/2026;;24/02/2026
COUTO E TOLEDO REPRESENTACOES LTDA;1.360.052;65.267.360/0001-08;899;SUPORTE - XPRISMA;LCT;07/05/2026;12:10:52;ACAO VIA API - Neuroteks<BR>ENVIADO P/ NEUROTEKS<BR><BR> Transferencia de 938 para 928;61 99664-0255;C6BANK;0;0,00;01/03/2026;;23/02/2026
SOCIETY RIVIERA LTDA;1.382.225;65.008.269/0001-60;899;SUPORTE - XPRISMA;LCT;07/05/2026;12:12:39;ACAO VIA API - Neuroteks<BR>ENVIADO P/ NEUROTEKS<BR><BR> Transferencia de 938 para 928;27 99821-8154;C6BANK;0;0,00;01/03/2026;;06/02/2026
FERNANDO THALHEIMER BACCHI LTDA;1.420.321;65.469.283/0001-60;899;SUPORTE - XPRISMA;LCT;07/05/2026;12:15:54;ACAO VIA API - Neuroteks<BR>ENVIADO P/ NEUROTEKS<BR><BR> Transferencia de 938 para 928;54 99904-9455;C6BANK;0;0,00;04/03/2026;;04/03/2026
CRIKA ARAUJO TREINAMENTO ESPORTIVO LTDA;1.431.029;65.558.152/0001-50;899;SUPORTE - XPRISMA;LCT;07/05/2026;12:18:05;ACAO VIA API - Neuroteks<BR>ENVIADO P/ NEUROTEKS<BR><BR> Transferencia de 938 para 928;11 97484-9819;C6BANK;0;0,00;09/03/2026;;09/03/2026
VARGAS REPRESENTACOES COMERCIAIS LTDA;1.417.625;65.452.372/0001-02;899;SUPORTE - XPRISMA;LCT;07/05/2026;12:23:53;ACAO VIA API - Neuroteks<BR>ENVIADO P/ NEUROTEKS<BR><BR> Transferencia de 938 para 928;62 99283-8679;C6BANK;0;0,00;03/03/2026;;03/03/2026
MOTA GESTAO E ENGENHARIA INTEGRADA LTDA;1.614.296;66.657.330/0001-62;899;SUPORTE - XPRISMA;LCT;07/05/2026;12:27:25;ACAO VIA API - Neuroteks<BR>ENVIADO P/ NEUROTEKS<BR><BR> Transferencia de 938 para 928;41 99264-1276;C6BANK;0;0,00;07/05/2026;;5231102
JEF LOJAS DE DEPARTAMENTOS LTDA;1.511.539;66.046.106/0001-34;899;SUPORTE - XPRISMA;LCT;07/05/2026;12:34:11;ACAO VIA API - Neuroteks<BR>ENVIADO P/ NEUROTEKS<BR><BR> Transferencia de 938 para 928;11 97273-9308;C6BANK;0;0,00;07/04/2026;;30/03/2026
EMPREENDIMENTO CHARRUA SPE LTDA;1.514.363;65.803.461/0001-48;899;SUPORTE - XPRISMA;LCT;07/05/2026;12:35:38;ACAO VIA API - Neuroteks<BR>ENVIADO P/ NEUROTEKS<BR><BR> Transferencia de 938 para 928;11 97809-8821;C6BANK;0;0,00;07/04/2026;;12/03/2026
LAGODONTO UNAMAR SERVICOS ODONTOLOGICOS LTDA;1.515.952;65.928.593/0001-04;899;SUPORTE - XPRISMA;LCT;07/05/2026;12:37:06;ACAO VIA API - Neuroteks<BR>ENVIADO P/ NEUROTEKS<BR><BR> Transferencia de 938 para 928;22 99863-3242;C6BANK;0;0,00;07/04/2026;;25/03/2026
EVEREST EMPREENDIMENTOS IMOBILIARIOS SPE LTDA;1.520.702;65.913.324/0001-66;899;SUPORTE - XPRISMA;LCT;07/05/2026;12:39:25;ACAO VIA API - Neuroteks<BR>ENVIADO P/ NEUROTEKS<BR><BR> Transferencia de 938 para 928;32 99969-2937;C6BANK;0;0,00;07/04/2026;;23/03/2026
BRG LAJES SERVICOS DE CONCRETO LTDA;1.529.482;65.426.837/0001-42;899;SUPORTE - XPRISMA;LCT;07/05/2026;12:44:56;ACAO VIA API - Neuroteks<BR>ENVIADO P/ NEUROTEKS<BR><BR> Transferencia de 938 para 928;24 3354-0555;C6BANK;0;0,00;07/04/2026;;02/03/2026
TORRA TORRA TABACARIA LTDA;1.569.700;66.328.780/0001-01;899;SUPORTE - XPRISMA;LCT;07/05/2026;12:56:37;ACAO VIA API - Neuroteks<BR>ENVIADO P/ NEUROTEKS<BR><BR> Transferencia de 938 para 928;51 99207-0049;C6BANK;0;0,00;17/04/2026;;17/04/2026
REBOTERMIC SUL LTDA;1.026.844;59.081.279/0001-28;899;SUPORTE - XPRISMA;LCT;07/05/2026;13:07:23;ACAO VIA API - Neuroteks<BR>ENVIADO P/ NEUROTEKS<BR><BR> Transferencia de 938 para 928;47 99954-6710;C6BANK;0;0,00;06/01/2026;;24/01/2025
RAFAELA OLIVEIRA PONTES SOCIEDADE INDIVIDUAL DE ADVOCACIA;1.442.943;65.622.184/0001-77;899;SUPORTE - XPRISMA;LCT;07/05/2026;13:12:37;ACAO VIA API - Neuroteks<BR>ENVIADO P/ NEUROTEKS<BR><BR> Transferencia de 938 para 928;31 98307-6962;C6BANK;0;0,00;11/03/2026;;09/03/2026
GLP LELI PARTICIPACOES LTDA;1.109.766;63.943.223/0001-02;899;SUPORTE - XPRISMA;LCT;07/05/2026;13:18:18;ACAO VIA API - Neuroteks<BR>ENVIADO P/ NEUROTEKS<BR><BR> Transferencia de 938 para 928;66 99612-5531;C6BANK;0;0,00;09/01/2026;;02/12/2025
2G ALINHAMENTO MOVEL LTDA;1.445.767;65.638.683/0001-52;899;SUPORTE - XPRISMA;LCT;07/05/2026;13:20:40;ACAO VIA API - Neuroteks<BR>ENVIADO P/ NEUROTEKS<BR><BR> Transferencia de 938 para 928;49 99911-7759;C6BANK;0;0,00;12/03/2026;;02/03/2026
GRELHADOS BURGUER LTDA;1.457.427;65.710.854/0001-07;899;SUPORTE - XPRISMA;LCT;07/05/2026;13:43:13;ACAO VIA API - Neuroteks<BR>ENVIADO P/ NEUROTEKS<BR><BR> Transferencia de 938 para 928;45 99846-8828;C6BANK;0;0,00;16/03/2026;;16/03/2026
S A F DE AGUIAR LTDA;1.355.002;65.004.364/0001-95;899;SUPORTE - XPRISMA;LCT;07/05/2026;13:46:26;ACAO VIA API - Neuroteks<BR>ENVIADO P/ NEUROTEKS<BR><BR> Transferencia de 938 para 928;11 5925-5115;C6BANK;0;0,00;01/03/2026;;08/02/2026
SJC TRANSPORTES E SERVICOS LTDA;1.405.894;62.645.583/0001-65;899;SUPORTE - XPRISMA;LCT;07/05/2026;13:52:04;ACAO VIA API - Neuroteks<BR>ENVIADO P/ NEUROTEKS<BR><BR> Transferencia de 938 para 928;79 99630-3550;C6BANK;0;0,00;01/03/2026;;10/09/2025
PRIME IMPORTS LTDA;1.412.751;65.422.318/0001-06;899;SUPORTE - XPRISMA;LCT;07/05/2026;13:52:32;ACAO VIA API - Neuroteks<BR>ENVIADO P/ NEUROTEKS<BR><BR> Transferencia de 938 para 928;98 99179-0439;C6BANK;0;0,00;02/03/2026;;25/02/2026
OBJETIVA INOVACOES COMERCIAIS LTDA;1.430.932;65.557.723/0001-31;899;SUPORTE - XPRISMA;LCT;07/05/2026;14:03:13;ACAO VIA API - Neuroteks<BR>ENVIADO P/ NEUROTEKS<BR><BR> Transferencia de 938 para 928;85 98975-0925;C6BANK;0;0,00;09/03/2026;;09/03/2026
GATTELIER COMERCIO DE ARTIGOS E ACESSORIOS DE ANIM;1.502.225;66.060.425/0001-02;899;SUPORTE - XPRISMA;LCT;07/05/2026;14:11:01;ACAO VIA API - Neuroteks<BR>ENVIADO P/ NEUROTEKS<BR><BR> Transferencia de 938 para 928;11 99831-4786;C6BANK;0;0,00;02/04/2026;;02/04/2026
MENDES PRADO ATACADO & CIA LTDA;1.511.136;65.582.291/0001-19;899;SUPORTE - XPRISMA;LCT;07/05/2026;14:11:53;ACAO VIA API - Neuroteks<BR>ENVIADO P/ NEUROTEKS<BR><BR> Transferencia de 938 para 928;11 97240-3906;C6BANK;0;0,00;07/04/2026;;09/03/2026
PH CARMINATI LTDA;1.449.549;65.661.119/0001-50;899;SUPORTE - XPRISMA;LCT;07/05/2026;14:18:51;ACAO VIA API - Neuroteks<BR>ENVIADO P/ NEUROTEKS<BR><BR> Transferencia de 938 para 928;27 99960-3681;C6BANK;0;0,00;13/03/2026;;12/03/2026
FARMACIA MARIANO SALETE LTDA;1.524.884;65.891.421/0001-03;899;SUPORTE - XPRISMA;LCT;07/05/2026;14:30:13;ACAO VIA API - Neuroteks<BR>ENVIADO P/ NEUROTEKS<BR><BR> Transferencia de 938 para 928;47 99981-0900;C6BANK;0;0,00;07/04/2026;;24/03/2026
JLINEGOLDSTORE LTDA;1.585.783;66.467.214/0001-80;899;SUPORTE - XPRISMA;LCT;07/05/2026;14:43:52;ACAO VIA API - Neuroteks<BR>ENVIADO P/ NEUROTEKS<BR><BR> Transferencia de 938 para 928;41 99842-5430;C6BANK;0;0,00;27/04/2026;;15/04/2026
ASSOCIACAO DOS MORADORES DO EDIFICIO BEM TI VI;1.460.629;65.729.681/0001-79;899;SUPORTE - XPRISMA;LCT;07/05/2026;14:44:02;ACAO VIA API - Neuroteks<BR>ENVIADO P/ NEUROTEKS<BR><BR> Transferencia de 938 para 928;61 98449-0944;C6BANK;0;0,00;17/03/2026;;17/03/2026
GABRIELA TOLEDO MARCAL LTDA;1.587.992;66.488.181/0001-55;899;SUPORTE - XPRISMA;LCT;07/05/2026;14:44:11;ACAO VIA API - Neuroteks<BR>ENVIADO P/ NEUROTEKS<BR><BR> Transferencia de 938 para 928;55 99129-8772;C6BANK;0;0,00;28/04/2026;;13/04/2026
LR REAL ESTATE SOLUTION LTDA;1.615.209;66.662.090/0001-94;899;SUPORTE - XPRISMA;LCT;07/05/2026;14:46:22;ACAO VIA API - Neuroteks<BR>ENVIADO P/ NEUROTEKS<BR><BR> Transferencia de 938 para 928;34 99261-5802;C6BANK;0;0,00;07/05/2026;;6821801
J CARNEIRO DA SILVA SERVICOS LTDA;1.464.558;65.752.829/0001-96;899;SUPORTE - XPRISMA;LCT;07/05/2026;14:49:28;ACAO VIA API - Neuroteks<BR>ENVIADO P/ NEUROTEKS<BR><BR> Transferencia de 938 para 928;82 98742-2472;C6BANK;0;0,00;18/03/2026;;16/03/2026
GLOBAL PLUS SERVICOS LTDA;1.496.439;66.027.331/0001-23;899;SUPORTE - XPRISMA;LCT;07/05/2026;14:56:46;ACAO VIA API - Neuroteks<BR>ENVIADO P/ NEUROTEKS<BR><BR> Transferencia de 938 para 928;92 99371-5119;C6BANK;0;0,00;01/04/2026;;30/03/2026
V. CARLA DE ARRUDA LTDA;1.471.216;65.792.899/0001-78;899;SUPORTE - XPRISMA;LCT;07/05/2026;15:02:36;ACAO VIA API - Neuroteks<BR>ENVIADO P/ NEUROTEKS<BR><BR> Transferencia de 938 para 928;61 98417-0295;C6BANK;0;0,00;19/03/2026;;19/03/2026
WEBERSON TURQUETI DE ASSIS;268.730;63.503.893/0001-08;899;SUPORTE - XPRISMA;LCT;07/05/2026;15:04:08;ACAO VIA API - Neuroteks<BR>ENVIADO P/ NEUROTEKS<BR><BR> Transferencia de 938 para 928;32 99974-9155;C6BANK;0;0,00;05/11/2025;;04/11/2025
MARIANA DEPARIS SOCIEDADE INDIVIDUAL DE ADVOCACIA;1.472.848;65.803.193/0001-64;899;SUPORTE - XPRISMA;LCT;07/05/2026;15:05:09;ACAO VIA API - Neuroteks<BR>ENVIADO P/ NEUROTEKS<BR><BR> Transferencia de 938 para 928;45 99833-0883;C6BANK;0;0,00;20/03/2026;;04/03/2026
EMPREENDIMENTOS IMOBILIARIOS RESIDENCIAL ARANDU SP;623.296;63.532.623/0001-25;899;SUPORTE - XPRISMA;LCT;07/05/2026;15:20:55;ACAO VIA API - Neuroteks<BR>ENVIADO P/ NEUROTEKS<BR><BR> Transferencia de 938 para 928;55 99686-2019;C6BANK;0;0,00;02/12/2025;;05/11/2025
ALICERCE CONSULTORIA EDUCACIONAL LTDA;1.511.184;65.653.551/0001-08;899;SUPORTE - XPRISMA;LCT;07/05/2026;15:50:15;ACAO VIA API - Neuroteks<BR>ENVIADO P/ NEUROTEKS<BR><BR> Transferencia de 938 para 928;11 94938-4958;C6BANK;0;0,00;07/04/2026;;12/03/2026
ASSOCIACAO ESTRELA FLAMEJANTE;1.053.574;63.599.281/0001-60;899;SUPORTE - XPRISMA;LCT;07/05/2026;15:54:28;ACAO VIA API - Neuroteks<BR>ENVIADO P/ NEUROTEKS<BR><BR> Transferencia de 938 para 928;35 99139-7624;C6BANK;0;0,00;07/01/2026;;10/11/2025
TERCERIZART MATERIA PRIMA PARA MOVEIS LTDA;1.107.187;64.101.107/0001-09;899;SUPORTE - XPRISMA;LCT;07/05/2026;15:56:25;ACAO VIA API - Neuroteks<BR>ENVIADO P/ NEUROTEKS<BR><BR> Transferencia de 938 para 928;32 98879-9998;C6BANK;0;0,00;09/01/2026;;18/12/2025
FILIPE PERES FERREIRA LTDA;1.615.764;66.664.551/0001-68;899;SUPORTE - XPRISMA;LCT;07/05/2026;15:58:45;ACAO VIA API - Neuroteks<BR>ENVIADO P/ NEUROTEKS<BR><BR> Transferencia de 938 para 928;19 99623-3079;C6BANK;0;0,00;07/05/2026;;7319003
MARTINS SANTOS ODONTOLOGIA LTDA;1.123.694;63.982.988/0001-51;899;SUPORTE - XPRISMA;LCT;07/05/2026;16:02:23;ACAO VIA API - Neuroteks<BR>ENVIADO P/ NEUROTEKS<BR><BR> Transferencia de 938 para 928;38 99972-9501;C6BANK;0;0,00;09/01/2026;;09/12/2025
RDC TRUCK CENTER LTDA;1.158.664;63.818.857/0001-33;899;SUPORTE - XPRISMA;LCT;07/05/2026;16:13:12;ACAO VIA API - Neuroteks<BR>ENVIADO P/ NEUROTEKS<BR><BR> Transferencia de 938 para 928;85 99730-3999;C6BANK;0;0,00;09/01/2026;;26/11/2025
FABIO MAURICIO NESELLO;1.199.956;64.541.853/0001-13;899;SUPORTE - XPRISMA;LCT;07/05/2026;16:14:47;ACAO VIA API - Neuroteks<BR>ENVIADO P/ NEUROTEKS<BR><BR> Transferencia de 938 para 928;51 98137-5762;C6BANK;0;0,00;16/01/2026;;23/12/2025
LANCHONETE SILVA 24 HORAS LTDA;1.615.907;66.665.562/0001-62;899;SUPORTE - XPRISMA;LCT;07/05/2026;16:27:23;ACAO VIA API - Neuroteks<BR>ENVIADO P/ NEUROTEKS<BR><BR> Transferencia de 938 para 928;66 99619-2767;C6BANK;0;0,00;07/05/2026;;5611203
CRESCITA REPRESENTACOES LTDA;1.615.936;66.665.457/0001-23;899;SUPORTE - XPRISMA;LCT;07/05/2026;16:28:09;ACAO VIA API - Neuroteks<BR>ENVIADO P/ NEUROTEKS<BR><BR> Transferencia de 938 para 928;54 99656-2526;C6BANK;0;0,00;07/05/2026;;4617600
CADU CHEF LANCHES DISTRIBUIDORA DE ALIMENTOS LTDA;1.616.004;66.665.716/0001-16;899;SUPORTE - XPRISMA;LCT;07/05/2026;16:38:33;ACAO VIA API - Neuroteks<BR>ENVIADO P/ NEUROTEKS<BR><BR> Transferencia de 938 para 928;21 96719-9947;C6BANK;0;0,00;07/05/2026;;5620104
POWER SHAPE SPORTING LTDA;1.520.615;65.922.933/0001-81;899;SUPORTE - XPRISMA;LCT;07/05/2026;16:38:58;ACAO VIA API - Neuroteks<BR>ENVIADO P/ NEUROTEKS<BR><BR> Transferencia de 938 para 928;85 99195-2423;C6BANK;0;0,00;07/04/2026;;26/03/2026
XML CONTABILIDADE SAO PAULO LTDA;1.053.972;63.678.548/0001-05;899;SUPORTE - XPRISMA;LCT;07/05/2026;17:08:26;ACAO VIA API - Neuroteks<BR>ENVIADO P/ NEUROTEKS<BR><BR> Transferencia de 938 para 928;11 97075-9102;C6BANK;0;0,00;07/01/2026;;14/11/2025
SAMPAIO E MARQUES COMERCIO DE PET SHOP LTDA;1.111.698;64.149.398/0001-05;899;SUPORTE - XPRISMA;LCT;07/05/2026;17:11:53;ACAO VIA API - Neuroteks<BR>ENVIADO P/ NEUROTEKS<BR><BR> Transferencia de 938 para 928;11 98882-7548;C6BANK;0;0,00;09/01/2026;;05/12/2025
J. FERREIRA LIMA LTDA;1.545.984;66.169.399/0001-47;899;SUPORTE - XPRISMA;LCT;07/05/2026;17:14:33;ACAO VIA API - Neuroteks<BR>ENVIADO P/ NEUROTEKS<BR><BR> Transferencia de 938 para 928;61 99435-9499;C6BANK;0;0,00;09/04/2026;;09/04/2026
FORTE SERVICOS DE PORTARIA LTDA;1.616.222;66.666.809/0001-65;899;SUPORTE - XPRISMA;LCT;07/05/2026;17:15:07;ACAO VIA API - Neuroteks<BR>ENVIADO P/ NEUROTEKS<BR><BR> Transferencia de 938 para 928;62 99307-2020;C6BANK;0;0,00;07/05/2026;;8111700
CREMOZINN DISTRIBUICAO DE SORVETES LTDA;1.128.530;64.016.609/0001-31;899;SUPORTE - XPRISMA;LCT;07/05/2026;17:16:53;ACAO VIA API - Neuroteks<BR>ENVIADO P/ NEUROTEKS<BR><BR> Transferencia de 938 para 928;19 99717-2469;C6BANK;0;0,00;09/01/2026;;10/12/2025
FLUXUS FINANCE SOLUCOES EMPRESARIAIS SOCIEDADE LTDA;1.616.208;66.666.745/0001-00;899;SUPORTE - XPRISMA;LCT;07/05/2026;17:17:30;ACAO VIA API - Neuroteks<BR>ENVIADO P/ NEUROTEKS<BR><BR> Transferencia de 938 para 928;11 98460-8606;C6BANK;0;0,00;07/05/2026;;6202300
J W L DISTRIBUIDORA DE PRODUTOS AGROPET LTDA;1.616.269;66.667.010/0001-93;899;SUPORTE - XPRISMA;LCT;07/05/2026;17:27:43;ACAO VIA API - Neuroteks<BR>ENVIADO P/ NEUROTEKS<BR><BR> Transferencia de 938 para 928;84 99135-0084;C6BANK;0;0,00;07/05/2026;;4789004
RAFAEL DAMACENA DE ANGELIS LTDA;1.532.389;66.030.181/0001-07;899;SUPORTE - XPRISMA;LCT;07/05/2026;17:37:27;ACAO VIA API - Neuroteks<BR>ENVIADO P/ NEUROTEKS<BR><BR> Transferencia de 938 para 928;11 97365-1986;C6BANK;0;0,00;07/04/2026;;27/03/2026
VIA ALCA VEICULOS LTDA;1.552.919;66.218.499/0001-16;899;SUPORTE - XPRISMA;LCT;07/05/2026;17:37:57;ACAO VIA API - Neuroteks<BR>ENVIADO P/ NEUROTEKS<BR><BR> Transferencia de 938 para 928;83 99971-4373;C6BANK;0;0,00;13/04/2026;;08/04/2026
ATACADO BR PANINI LTDA;1.616.434;66.667.909/0001-06;899;SUPORTE - XPRISMA;LCT;07/05/2026;18:12:49;ACAO VIA API - Neuroteks<BR>ENVIADO P/ NEUROTEKS<BR><BR> Transferencia de 938 para 928;27 99619-5145;C6BANK;0;0,00;07/05/2026;;8211300
S & A DESIGN DECORACOES LTDA;1.616.452;66.668.102/0001-98;899;SUPORTE - XPRISMA;LCT;07/05/2026;18:25:49;ACAO VIA API - Neuroteks<BR>ENVIADO P/ NEUROTEKS<BR><BR> Transferencia de 938 para 928;19 99646-7817;C6BANK;0;0,00;07/05/2026;;4789099
INSTITUTO DE SAUDE BOAVISTA LTDA;1.616.475;66.668.060/0001-95;899;SUPORTE - XPRISMA;LCT;07/05/2026;18:27:05;ACAO VIA API - Neuroteks<BR>ENVIADO P/ NEUROTEKS<BR><BR> Transferencia de 938 para 928;21 98960-0077;C6BANK;0;0,00;07/05/2026;;8630503
